TIF,施設,全回答数,直近30日間の回答数,前の30日間の回答数,伸び率（対前月）,回答数順位,回答数順位(直近30日間),商品・サービス満足度,商品・サービス満足度(直近30日間),施設全体満足度,施設全体満足度(直近30日間),旅全体満足度,旅全体満足度(直近30日間),施設の推奨度,推奨者数,非推奨者数,NPS,推奨者数(直近30日間),非推奨者数(直近30日間),NPS(直近30日間),10代,20代,30代,40代,50代,60代,70代,80代,90代,100代,男性,女性,1泊,2泊,3泊,4泊以上,日帰り,自分ひとり,恋人,友人,夫婦2人,団体旅行,親戚,親,職場の同僚,小学生以下連れの家族,中学生以下連れの家族,高校生連れの家族,災害支援,宿でのんびり過ごす,温泉や露天風呂,地元の美味しいものを食べる,花見や紅葉などの自然鑑賞,名所、旧跡の観光,テーマパーク（遊園地、動物園、博物館など）,買い物、アウトレット,お祭りやイベントへの参加・見物,スポーツ観戦や芸能鑑賞（コンサート等）,アウトドア（海水浴、釣り、登山など）,まちあるき、都市散策,各種体験（手作り、果物狩りなど）,スキー・スノボ、マリンスポーツ,その他スポーツ（ゴルフ、テニスなど）,ドライブ・ツーリング,友人・親戚を尋ねる,出張など仕事関係,100万円未満,100万円以上 200万円未満,200万円以上 300万円未満,300万円以上 400万円未満,400万円以上 500万円未満,500万円以上 600万円未満,600万円以上 700万円未満,700万円以上 800万円未満,800万円以上 900万円未満,"900万円以上 1,000万円未満","1,000万円以上 1,200万円未満","1,200万円以上 1,500万円未満","1,500万円以上",北海道,青森県,岩手県,宮城県,秋田県,山形県,福島県,茨城県,栃木県,群馬県,埼玉県,千葉県,東京都,神奈川県,新潟県,富山県,石川県,福井県,山梨県,長野県,岐阜県,静岡県,愛知県,三重県,滋賀県,京都府,大阪府,兵庫県,奈良県,和歌山県,鳥取県,島根県,岡山県,広島県,山口県,徳島県,香川県,愛媛県,高知県,福岡県,佐賀県,長崎県,熊本県,大分県,宮崎県,鹿児島県,沖縄県
JR芦原温泉駅 エリア,52,,,,,,,,3.980769231,,,,,8,12,-7.692307692,,,,0,1,11,3,8,28,1,0,0,0,27,25,11,9,1,1,30,8,1,5,29,0,0,1,1,3,0,0,0,2,9,28,0,8,2,2,0,2,0,7,0,0,1,3,1,3,2,4,2,1,5,23,3,0,1,5,1,0,0,0,0,0,0,0,0,0,0,0,0,3,4,2,0,0,1,2,32,0,1,0,0,1,1,0,2,3,0,0,0,0,0,0,0,0,0,0,0,0,0,0,0,0,0,0,0,0,0
かつやま恐竜の森 エリア,748,,,,,,,,4.537433155,,,,,413,75,45.18716578,,,,9,122,223,137,145,90,13,0,0,0,341,379,315,132,24,19,258,53,67,55,169,7,0,34,14,238,0,0,0,81,148,223,19,160,530,26,7,3,13,53,17,3,5,26,34,9,67,25,52,63,77,91,62,67,42,31,55,22,17,7,1,0,6,0,0,3,5,6,1,23,24,75,39,12,21,46,38,0,7,21,22,86,18,29,38,114,52,16,5,0,1,6,7,3,1,4,1,0,6,0,2,1,1,0,0,0,0
福井駅前 エリア,209,,,,,,,,4.301435407,,,,,96,32,30.62200957,,,,2,16,34,32,61,59,5,0,0,0,86,114,76,33,9,6,85,67,4,11,70,0,0,9,3,18,0,0,0,18,31,74,14,49,28,12,6,2,2,26,3,1,0,7,11,20,14,7,13,16,19,31,17,14,12,6,15,9,8,4,0,0,1,0,0,1,1,1,2,8,10,29,7,2,5,5,59,0,4,1,1,11,0,8,6,20,11,3,0,0,0,0,1,0,0,0,0,1,5,0,0,1,0,1,0,0,0
大本山 永平寺 エリア,465,,,,,,,,4.406451613,,,,,203,71,28.38709677,,,,4,47,61,79,162,91,20,0,0,0,214,240,189,100,11,20,145,57,27,44,168,7,0,36,6,20,0,0,0,60,118,187,22,284,94,18,12,2,10,63,10,1,0,18,15,16,41,9,37,48,39,52,41,34,34,22,25,17,14,7,1,0,6,1,1,0,8,5,3,17,21,64,23,5,7,17,23,0,3,11,11,41,13,14,16,64,36,13,2,2,0,4,6,1,0,5,1,0,8,1,0,2,0,2,0,0,0
あわら湯のまち エリア,439,,,,,,,,4.40546697,,,,,200,69,29.8405467,,,,2,39,53,66,123,128,26,0,0,0,213,208,330,60,5,4,40,11,16,29,145,19,0,44,11,62,0,0,0,216,261,224,9,87,101,18,3,3,7,23,8,0,2,8,8,10,22,6,30,29,43,78,35,31,29,28,32,16,18,1,0,0,2,0,0,0,8,2,3,9,5,33,12,3,11,33,82,1,13,8,8,48,4,21,21,48,31,11,4,2,0,1,3,0,1,1,4,0,3,0,0,0,1,0,1,0,0
道の駅「越前」 エリア,113,,,,,,,,4.168141593,,,,,37,24,11.50442478,,,,0,7,10,26,37,29,4,0,0,0,54,57,39,19,2,3,50,13,8,7,55,0,0,4,0,13,0,0,0,9,32,48,5,22,15,18,4,0,5,10,0,0,0,15,2,0,13,0,4,11,7,20,12,8,7,6,4,4,1,0,0,0,0,0,0,0,0,0,0,3,0,2,3,3,3,2,30,0,0,11,3,13,4,3,3,14,8,3,0,0,0,0,4,0,0,0,0,0,1,0,0,0,0,0,0,0,0
越前海岸 北部 エリア,15,,,,,,,,4.266666667,,,,,5,2,20,,,,0,3,2,3,5,1,1,0,0,0,8,6,7,3,1,0,4,1,1,0,3,0,0,1,0,4,0,0,0,1,1,5,1,3,2,0,1,0,3,0,0,1,0,3,0,0,2,0,1,1,3,0,1,3,1,1,0,0,0,0,0,0,0,0,0,0,0,0,0,0,1,1,0,0,0,1,3,0,0,4,1,0,0,1,1,1,1,0,0,0,0,0,0,0,0,0,0,0,0,0,0,0,0,0,0,0,0
小浜 エリア（宿泊施設）,50,,,,,,,,4.28,,,,,18,6,24,,,,0,1,6,10,21,7,5,0,0,0,24,26,35,8,2,5,0,11,3,6,14,1,0,3,1,5,0,0,0,18,5,25,3,9,0,0,1,0,6,11,1,1,0,1,8,10,1,1,1,8,8,8,9,3,2,1,1,1,2,1,0,0,0,0,0,0,0,0,0,1,0,5,1,0,2,0,0,0,1,1,1,4,0,1,13,4,13,0,0,0,0,0,0,0,0,2,0,0,0,0,0,0,0,0,0,0,0
道の駅「三方五湖」  エリア,64,,,,,,,,4.109375,,,,,20,14,9.375,,,,0,2,11,10,23,16,2,0,0,0,24,37,18,6,1,2,37,10,3,7,26,1,0,3,0,5,0,0,0,7,13,27,8,17,6,5,0,0,4,8,0,0,1,12,3,3,6,1,5,11,2,6,4,6,3,0,3,0,2,0,0,0,0,0,0,1,0,0,0,1,4,3,1,0,0,3,19,0,0,4,2,3,1,5,4,5,6,0,0,0,0,1,1,0,0,0,0,0,0,0,0,0,0,0,0,0,0
道の駅「南えちぜん山海里」 エリア,112,,,,,,,,4.321428571,,,,,54,22,28.57142857,,,,0,7,20,20,44,18,3,0,0,0,61,48,34,9,3,8,58,18,5,3,43,0,0,4,1,22,0,0,0,7,10,36,12,20,26,14,6,0,2,12,0,0,0,14,9,7,9,2,5,15,3,12,23,5,7,4,8,2,1,0,0,0,0,0,0,0,0,0,0,3,1,4,4,1,5,2,22,0,0,10,0,13,0,5,5,17,12,4,2,0,0,2,0,0,0,0,0,0,0,0,0,0,0,0,0,0,0
かずら橋 エリア,230,,,,,,,,4.239130435,,,,,76,45,13.47826087,,,,0,14,17,43,83,50,21,0,0,0,101,120,70,18,6,5,131,14,12,11,100,0,0,13,1,36,0,0,0,22,45,105,30,60,28,17,4,1,26,22,12,0,2,37,12,0,26,12,20,26,15,14,16,21,10,15,15,5,6,0,0,0,0,0,0,0,2,0,0,1,6,6,4,0,4,16,73,1,0,39,0,28,3,11,8,18,6,2,0,0,0,0,0,0,0,1,0,0,1,0,0,0,0,0,0,0,0
道の駅「若狭おばま」 エリア,157,,,,,,,,4.350318471,,,,,72,21,32.48407643,,,,1,11,21,27,64,29,4,0,0,0,71,83,42,8,5,8,94,25,6,5,79,1,0,9,2,8,0,0,0,15,14,78,10,33,9,28,3,1,14,23,1,0,1,23,8,6,20,5,7,20,12,14,19,9,7,7,11,5,2,0,0,0,0,0,0,0,0,0,1,1,4,4,4,0,1,2,38,0,0,10,0,9,0,17,25,20,15,3,0,0,0,1,1,0,0,0,0,0,0,0,0,0,1,0,0,0,0
丸岡城 エリア,99,,,,,,,,4.141414141,,,,,31,17,14.14141414,,,,1,2,6,15,35,37,3,0,0,0,58,38,27,13,6,6,47,16,1,2,55,1,0,8,0,3,0,0,0,7,14,37,6,42,15,3,1,1,2,9,2,0,1,7,2,6,1,1,6,5,7,29,9,9,6,5,6,1,0,1,0,0,0,0,0,0,0,0,1,0,2,4,2,4,3,6,31,0,1,4,2,11,1,3,7,3,8,2,0,1,0,0,1,0,0,0,0,0,1,0,0,0,0,0,0,0,0
名田庄 エリア,43,,,,,,,,4.162790698,,,,,10,13,-6.976744186,,,,0,2,2,5,24,8,2,0,0,0,22,20,5,2,0,3,33,9,1,1,28,0,0,1,0,1,0,0,0,1,4,13,5,11,0,6,2,0,2,5,0,0,0,15,0,0,2,3,2,2,3,6,5,2,2,3,6,2,0,0,0,0,0,0,0,0,0,0,0,1,2,0,0,0,0,1,7,0,0,3,0,2,0,0,15,8,0,1,0,0,0,0,3,0,0,0,0,0,0,0,0,0,0,0,0,0,0
道の駅「禅の里」 エリア,102,,,,,,,,4.137254902,,,,,26,28,-1.960784314,,,,1,2,10,11,32,40,6,0,0,0,57,42,28,4,0,2,68,14,6,3,60,1,0,2,0,7,0,0,0,5,15,44,4,11,17,11,7,0,2,4,2,0,0,14,1,0,5,4,8,10,5,27,6,5,7,5,6,2,0,1,0,0,0,0,0,0,0,0,1,1,1,2,0,0,5,7,51,0,2,5,0,7,2,5,1,7,3,0,0,0,0,1,0,0,0,0,0,0,0,0,0,0,0,0,0,0,0
JR美浜駅 エリア,109,,,,,,,,4.229357798,,,,,29,28,0.917431193,,,,1,4,15,22,43,22,2,0,0,0,43,62,31,6,1,7,64,22,4,8,50,0,0,5,0,11,0,0,0,11,12,33,6,16,7,20,3,1,5,12,2,0,1,15,3,4,10,8,2,15,11,9,14,7,2,4,3,6,1,2,0,0,0,0,0,0,0,1,1,0,2,2,0,0,2,5,49,0,1,3,0,6,2,5,7,13,5,0,1,0,0,1,1,0,0,0,0,0,0,0,0,0,0,0,0,0,0
道の駅「恐竜渓谷かつやま」 エリア,191,,,,,,,,4.267015707,,,,,69,48,10.9947644,,,,2,14,38,33,59,38,5,0,0,0,85,99,55,23,7,8,98,21,5,5,88,1,0,7,0,40,0,0,0,9,30,41,8,37,57,26,8,1,7,20,3,1,0,19,7,3,14,10,10,14,20,21,22,20,11,13,5,8,1,1,0,0,0,0,0,0,0,3,2,2,6,5,6,0,4,5,81,2,1,5,4,18,5,7,2,13,13,1,0,0,0,0,1,2,1,0,0,0,0,0,1,0,0,0,0,0,0
一乗谷朝倉氏遺跡 エリア,104,,,,,,,,3.971153846,,,,,28,23,4.807692308,,,,0,5,5,23,30,34,7,0,0,0,62,38,31,14,3,9,47,20,4,7,55,0,0,1,1,6,0,0,0,8,22,31,5,27,12,3,5,0,4,9,1,0,0,9,7,6,10,4,6,9,5,27,13,3,1,4,8,1,1,1,0,0,0,0,0,0,0,0,0,2,2,4,4,0,3,0,43,0,0,4,1,9,2,0,2,13,9,3,1,0,0,0,0,0,0,0,0,0,1,0,0,0,0,0,0,0,0
ふくい鮮いちば エリア,40,,,,,,,,4.325,,,,,13,11,5,,,,1,3,7,10,8,9,2,0,0,0,23,16,8,6,0,5,21,9,3,2,18,0,0,2,2,0,0,0,0,6,5,25,3,10,4,4,1,0,2,7,1,0,0,3,2,2,1,1,1,5,7,6,2,2,0,2,3,5,0,0,0,0,0,0,0,0,0,0,0,1,0,3,0,0,0,1,20,0,0,2,0,3,0,1,3,2,1,2,0,0,0,1,0,0,0,0,0,0,0,0,0,0,0,0,0,0,0
花の駅 ゆりの里公園 エリア,88,,,,,,,,4.159090909,,,,,28,16,13.63636364,,,,1,4,22,17,14,29,1,0,0,0,48,36,16,7,4,0,61,5,1,0,26,1,0,2,0,42,0,0,0,1,13,28,3,5,30,8,6,0,2,2,1,1,1,6,6,2,5,1,4,7,13,22,5,7,5,1,3,2,3,0,0,0,0,0,0,0,1,0,0,1,0,3,1,0,2,3,59,0,0,4,1,3,1,1,3,4,0,1,0,0,0,0,0,0,0,0,0,0,0,0,0,0,0,0,0,0,0
若狭フィッシャーマンズワーフ エリア,44,,,,,,,,4.113636364,,,,,13,10,6.818181818,,,,0,1,9,11,11,9,3,0,0,0,24,19,8,4,2,1,29,9,2,0,22,1,0,3,0,4,0,0,0,1,1,19,3,8,1,11,1,0,1,2,1,0,0,6,2,2,5,2,2,6,8,3,7,1,2,1,1,1,0,0,0,0,0,0,0,0,0,0,1,2,1,3,0,0,0,1,16,0,0,2,0,1,0,4,8,3,2,0,0,0,0,0,0,0,0,0,0,0,0,0,0,0,0,0,0,0,0
御食国若狭おばま食文化館 エリア,21,,,,,,,,4.142857143,,,,,6,6,0,,,,0,1,5,2,8,5,0,0,0,0,7,14,3,1,1,0,16,3,3,0,10,0,0,3,0,0,0,0,0,1,1,8,1,3,0,3,0,0,0,3,0,0,0,6,1,1,1,2,2,6,1,1,5,0,1,0,0,0,0,0,0,0,0,0,0,0,0,0,0,0,1,1,0,0,0,0,7,0,0,2,0,0,1,2,3,3,0,1,0,0,0,0,0,0,0,0,0,0,0,0,0,0,0,0,0,0,0
北ノ庄 エリア,29,,,,,,,,4.137931034,,,,,6,1,17.24137931,,,,0,2,0,2,3,22,0,0,0,0,23,6,1,5,0,1,22,1,2,0,25,0,0,0,0,0,0,0,0,1,4,20,3,2,3,1,0,0,0,3,0,0,0,0,0,1,1,0,1,1,0,23,0,0,0,1,1,1,0,0,0,0,0,0,0,0,0,0,0,0,1,2,0,0,0,0,23,0,0,0,0,0,0,0,0,0,1,0,0,0,0,0,0,0,0,0,0,0,2,0,0,0,0,0,0,0,0
小浜市 阿納 エリア,16,,,,,,,,4.4375,,,,,8,1,43.75,,,,0,1,2,4,3,5,1,0,0,0,9,7,14,2,0,0,0,0,2,3,4,1,0,0,0,2,0,0,0,6,1,13,0,1,1,1,0,0,1,0,0,1,3,0,0,0,0,2,0,2,0,3,1,1,0,0,3,1,1,0,0,0,0,0,0,0,0,0,0,0,0,0,0,0,0,1,1,0,0,0,0,6,0,1,2,2,0,2,0,0,0,0,1,0,0,0,0,0,0,0,0,0,0,0,0,0,0
三国湊 エリア,72,,,,,,,,4.152777778,,,,,21,11,13.88888889,,,,2,3,10,9,18,27,3,0,0,0,36,35,17,15,2,3,35,5,1,3,39,0,0,3,0,6,0,0,0,4,25,41,4,15,6,3,2,0,2,6,0,0,0,4,2,1,5,2,1,2,9,28,5,4,6,1,2,3,1,0,0,0,0,0,0,0,0,0,0,1,0,7,1,1,1,3,35,0,1,0,1,3,3,4,3,3,0,1,0,0,0,3,0,0,0,0,1,0,0,0,0,0,0,0,0,0,0
まちの市場 こってコテいけだ エリア,52,,,,,,,,4.326923077,,,,,21,8,25,,,,0,2,9,10,20,10,1,0,0,0,27,25,20,4,3,3,22,7,0,2,18,0,0,1,0,17,0,0,0,2,10,17,3,4,7,3,0,0,4,8,3,0,0,8,3,1,4,2,4,5,5,6,1,2,4,3,8,1,1,0,0,0,0,0,0,0,0,0,0,0,0,4,0,0,1,2,23,0,1,7,0,5,0,2,2,2,2,0,0,0,0,0,0,0,0,0,1,0,0,0,0,0,0,0,0,0,0
越前大仏 エリア,24,,,,,,,,3.833333333,,,,,9,8,4.166666667,,,,0,1,4,1,14,4,0,0,0,0,12,11,6,5,1,0,12,4,5,0,10,1,0,3,0,1,0,0,0,2,3,5,2,9,5,3,0,0,2,1,2,1,0,2,0,0,2,2,2,3,2,2,0,1,2,1,2,1,1,1,0,0,0,0,0,0,0,0,0,0,1,1,1,1,0,2,5,0,1,0,0,4,0,0,1,2,2,0,0,0,0,0,1,0,0,0,0,0,1,0,0,0,0,0,0,0,0
うるしの里 エリア,23,,,,,,,,4.086956522,,,,,6,9,-13.04347826,,,,1,2,2,0,16,2,0,0,0,0,13,10,7,4,0,5,7,8,1,0,6,0,0,2,1,1,0,0,0,2,2,6,2,6,2,5,3,0,1,3,1,0,0,1,0,7,2,1,2,0,0,2,6,1,0,1,2,1,0,0,0,0,0,0,0,0,0,0,0,1,1,2,0,0,0,2,5,0,0,0,0,1,0,0,2,4,5,0,0,0,0,0,0,0,0,0,0,0,0,0,0,0,0,0,0,0,0
越前そばの里 エリア,522,,,,,,,,4.358237548,,,,,232,114,22.60536398,,,,4,36,43,74,170,152,39,0,0,0,251,260,144,35,9,26,308,41,27,28,255,3,1,49,7,19,0,0,0,70,95,319,27,72,26,79,10,2,7,34,11,0,2,45,36,24,56,21,41,78,44,63,48,27,25,21,21,11,9,0,0,1,0,0,0,1,1,0,0,6,4,9,5,2,14,31,191,0,0,48,1,68,14,22,36,30,25,5,0,0,0,2,0,1,1,0,2,0,0,0,0,0,0,1,1,0,0
明通寺 エリア,76,,,,,,,,4.315789474,,,,,25,17,10.52631579,,,,0,1,8,10,25,23,9,0,0,0,40,36,31,11,3,3,28,15,2,8,37,0,0,3,2,2,0,0,0,6,4,31,14,42,4,3,2,0,0,11,0,0,0,8,7,3,9,4,7,8,10,11,5,2,2,3,1,1,2,0,0,0,0,0,0,0,1,2,0,3,2,3,3,0,1,2,19,1,0,0,5,5,0,1,10,8,6,1,0,0,0,1,0,0,0,2,0,0,0,0,0,0,0,0,0,0,0
福井駅前 エリア（宿泊施設）,80,,,,,,,,3.9875,,,,,27,13,17.5,,,,1,5,7,6,19,40,1,0,0,0,49,26,29,21,6,2,22,24,3,2,36,1,0,1,7,3,0,0,0,4,8,35,1,16,11,2,6,0,1,9,0,0,1,2,4,16,3,1,6,4,3,28,4,6,4,1,5,2,4,4,0,0,0,0,1,0,5,1,0,1,4,6,3,1,1,3,23,0,0,1,0,7,0,2,2,4,8,0,0,0,0,0,0,0,1,0,0,0,2,0,0,0,0,0,0,0,0
越前大野城・城下町 エリア,290,,,,,,,,4.186206897,,,,,86,70,5.517241379,,,,2,26,27,32,104,81,16,0,0,0,144,139,64,38,8,9,171,54,9,17,140,0,1,17,2,20,0,0,0,14,38,106,20,128,30,29,9,5,10,65,3,1,3,23,17,7,19,11,23,22,29,57,18,17,17,10,17,11,5,0,0,0,1,0,2,1,1,1,0,2,4,13,9,2,10,15,136,0,1,11,2,27,4,3,10,14,15,4,0,0,0,1,0,0,0,0,0,0,1,0,0,0,0,0,0,0,0
JR九頭竜湖駅 エリア,50,,,,,,,,3.9,,,,,18,13,10,,,,0,2,6,7,20,11,4,0,0,0,24,26,10,0,1,6,33,8,2,2,27,0,0,1,0,2,0,0,0,2,4,13,5,10,3,9,4,0,2,9,0,0,0,11,1,1,2,3,7,5,1,7,5,2,1,1,3,3,1,0,0,0,0,0,0,0,0,0,0,1,3,3,1,0,0,3,24,0,0,2,0,2,1,0,1,6,3,0,0,0,0,0,0,0,0,0,0,0,0,0,0,0,0,0,0,0,0
道の駅「越前おおの荒島の郷」 エリア,45,,,,,,,,4.466666667,,,,,23,3,44.44444444,,,,0,1,3,7,13,16,5,0,0,0,18,25,13,3,0,1,28,3,2,3,32,0,0,0,0,2,0,0,0,1,3,13,4,6,7,5,5,0,1,5,0,0,0,12,0,0,1,2,6,4,3,8,3,0,1,2,2,1,0,0,0,0,0,0,0,0,0,0,0,3,3,3,0,0,1,2,21,0,0,1,0,1,3,1,1,5,0,0,0,0,0,0,0,0,0,0,0,0,0,0,0,0,0,0,0,0,0
日本海さかな街 エリア,64,,,,,,,,3.9375,,,,,23,18,7.8125,,,,1,6,11,9,26,11,0,0,0,0,34,30,12,8,1,7,36,14,7,2,18,3,0,6,0,5,0,0,0,2,5,30,4,12,6,7,3,0,5,5,1,0,0,5,2,6,8,0,1,12,7,3,11,3,2,1,5,3,0,0,0,0,0,0,0,0,0,0,0,1,5,0,0,0,1,2,4,0,0,2,1,16,1,6,3,6,6,6,1,0,0,0,0,0,0,0,0,0,1,0,0,0,0,1,1,0,0
金ヶ崎 エリア,119,,,,,,,,3.941176471,,,,,31,41,-8.403361345,,,,1,6,15,25,38,30,4,0,0,0,57,60,35,13,4,8,59,26,10,4,46,1,0,5,3,11,0,0,0,9,20,50,6,43,11,12,7,0,1,25,1,0,0,6,3,7,14,6,6,10,12,10,13,10,4,6,10,4,1,0,0,0,0,1,0,0,0,0,0,4,5,3,2,0,3,2,27,0,1,5,0,9,1,12,9,19,12,1,0,0,0,1,1,0,0,1,0,0,0,0,0,0,0,0,0,0,0
敦賀市立博物館 エリア,11,,,,,,,,3.818181818,,,,,3,6,-27.27272727,,,,0,0,0,3,6,2,0,0,0,0,10,1,0,2,0,4,5,8,0,0,1,0,0,0,0,1,0,0,0,0,0,4,1,1,0,0,0,0,0,2,0,0,0,0,0,7,1,0,0,2,0,0,6,0,0,0,1,0,1,0,0,0,0,0,0,0,0,0,0,0,2,0,0,0,1,1,0,0,0,0,0,0,0,2,0,0,5,0,0,0,0,0,0,0,0,0,0,0,0,0,0,0,0,0,0,0,0
熊川宿 エリア,66,,,,,,,,4.045454545,,,,,18,19,-1.515151515,,,,1,5,6,6,28,16,3,0,0,0,32,30,23,3,0,1,39,7,2,4,36,0,0,4,0,0,0,0,0,3,8,28,5,21,3,8,1,0,2,13,2,0,0,12,0,1,6,2,5,5,3,7,6,6,3,0,2,1,0,0,0,0,0,0,0,0,0,0,0,1,0,3,0,0,0,0,8,0,0,8,0,4,2,8,9,10,10,3,0,0,0,0,0,0,0,0,0,0,0,0,0,0,0,0,0,0,0
湖上館パムコ（水月湖）エリア,73,,,,,,,,4.301369863,,,,,29,15,19.17808219,,,,0,4,8,15,26,18,2,0,0,0,30,42,24,0,0,3,46,7,8,9,35,0,0,3,0,4,0,0,0,4,13,55,4,20,2,14,1,0,1,6,0,0,0,12,1,1,8,7,5,6,6,9,4,1,2,8,4,2,1,0,0,0,0,0,0,0,0,0,0,1,1,3,3,0,1,3,16,0,0,3,2,10,1,7,5,8,7,0,2,0,0,0,0,0,0,0,0,0,0,0,0,0,0,0,0,0,0
神楽通り エリア,17,,,,,,,,3.588235294,,,,,4,8,-23.52941176,,,,0,1,2,2,7,4,1,0,0,0,9,8,0,3,0,4,10,11,0,1,5,0,0,0,0,0,0,0,0,1,0,4,0,3,0,1,2,0,0,3,0,0,0,0,0,6,3,1,0,2,3,1,6,0,0,0,0,0,0,0,0,0,0,0,0,0,0,0,0,0,2,1,0,0,0,0,5,0,0,0,0,1,0,1,0,1,6,0,0,0,0,0,0,0,0,0,0,0,0,0,0,0,0,0,0,0,0
JR敦賀駅前 エリア,84,,,,,,,,4.05952381,,,,,27,26,1.19047619,,,,0,5,10,10,44,12,3,0,0,0,55,27,35,10,1,11,27,54,0,2,18,0,0,2,5,0,0,0,0,11,1,18,1,9,5,5,5,3,1,15,0,0,0,1,5,27,4,3,1,10,9,7,10,4,2,3,13,6,1,2,0,0,0,0,0,0,2,0,0,5,3,2,2,0,1,5,14,0,2,1,0,2,0,0,2,17,19,1,0,0,0,0,1,0,0,2,0,0,0,0,1,0,0,0,0,0,0
北潟湖 エリア,91,,,,,,,,4.230769231,,,,,34,27,7.692307692,,,,0,2,8,20,31,21,9,0,0,0,40,49,22,10,1,1,57,10,6,3,42,0,0,3,0,12,0,0,0,7,20,26,7,15,8,14,5,0,3,11,1,0,0,19,3,0,5,2,10,11,11,12,9,8,2,4,3,3,1,1,0,0,1,0,0,1,0,0,0,3,0,1,1,0,2,7,41,0,0,2,0,2,3,6,7,6,5,1,0,0,0,0,0,0,0,0,0,0,1,0,0,0,0,0,0,0,0
タケフナイフビレッジ エリア,11,,,,,,,,4.181818182,,,,,2,2,0,,,,0,0,0,5,2,4,0,0,0,0,3,8,2,3,1,1,4,2,0,1,3,1,0,0,0,4,0,0,0,1,2,5,0,5,1,2,0,0,1,2,2,0,0,0,2,1,0,0,2,1,1,2,0,2,0,1,0,0,1,0,0,0,0,0,0,0,2,0,0,0,0,0,2,0,0,0,3,1,0,0,0,1,0,0,0,0,1,0,0,0,0,0,0,0,0,0,0,1,0,0,0,0,0,0,0,0,0
道の駅「パークイン丹生ヶ丘」 エリア,55,,,,,,,,4.236363636,,,,,16,17,-1.818181818,,,,1,5,7,12,24,5,1,0,0,0,27,27,13,4,3,3,32,11,6,0,19,0,0,0,2,6,0,0,0,4,8,15,6,5,9,7,7,0,2,5,0,0,0,6,4,1,7,3,2,8,2,5,8,2,1,3,4,1,0,0,0,0,0,0,0,0,0,0,0,2,0,1,1,0,0,3,27,0,0,2,0,3,1,1,0,7,3,4,0,0,0,0,0,0,0,0,0,0,0,0,0,0,0,0,0,0,0
劔神社 エリア,18,,,,,,,,3.888888889,,,,,5,5,0,,,,0,0,3,5,6,4,0,0,0,0,7,11,5,5,0,1,7,0,2,2,8,0,0,0,0,3,0,0,0,3,5,6,1,5,1,2,0,0,3,0,1,0,0,1,1,0,3,0,1,2,1,3,2,3,1,0,0,0,0,0,0,0,0,0,0,0,0,0,0,0,0,0,0,0,0,0,9,0,0,0,1,1,3,0,2,1,0,1,0,0,0,0,0,0,0,0,0,0,0,0,0,0,0,0,0,0,0
えちぜん鉄道 松岡駅 エリア,29,,,,,,,,4.034482759,,,,,4,1,10.34482759,,,,0,3,1,1,3,21,0,0,0,0,24,4,2,0,0,0,27,0,4,1,22,0,0,1,1,0,0,0,0,1,4,23,1,2,1,1,0,0,0,0,0,0,0,0,1,2,1,1,0,0,0,21,0,1,0,2,0,0,1,0,0,0,0,0,0,0,0,0,0,0,0,2,0,0,0,4,22,0,0,0,0,0,0,0,0,1,0,0,0,0,0,0,0,0,0,0,0,0,0,0,0,0,0,0,0,0,0
メガネストリート エリア,12,,,,,,,,3.833333333,,,,,4,2,16.66666667,,,,0,0,1,2,6,3,0,0,0,0,5,7,3,1,0,0,8,1,1,2,5,0,0,0,0,1,0,0,0,1,1,5,1,5,2,2,2,0,0,2,1,0,0,5,0,0,0,0,2,1,0,3,0,0,0,1,0,0,0,1,0,0,0,0,0,0,0,0,0,0,0,0,0,0,0,0,5,0,0,4,0,0,0,0,1,0,0,1,0,0,0,0,0,0,0,0,0,0,0,0,0,0,0,0,0,0,0
越前松島水族館 エリア,55,,,,,,,,4.054545455,,,,,14,5,16.36363636,,,,0,1,7,7,11,26,3,0,0,0,35,18,22,2,3,2,26,2,0,1,36,1,0,1,2,8,0,0,0,8,13,25,1,5,9,1,1,1,2,4,2,1,0,1,0,2,2,2,2,4,1,26,5,4,0,2,2,0,1,0,1,0,0,0,0,0,0,0,0,3,0,2,0,0,1,3,29,0,0,2,0,3,0,3,2,4,1,0,0,0,0,0,0,0,0,0,0,1,0,0,0,0,0,0,0,0,0
えちぜん鉄道 永平寺口駅 エリア,26,,,,,,,,4,,,,,2,1,3.846153846,,,,0,0,0,1,4,21,0,0,0,0,23,3,5,0,0,0,21,0,0,1,23,0,0,0,0,1,0,0,0,0,3,19,0,1,0,0,1,0,0,1,0,0,0,2,0,0,0,1,0,0,0,23,0,0,0,0,0,0,1,0,0,0,0,0,0,0,0,0,0,0,0,0,0,0,0,0,22,0,1,0,0,1,0,0,2,0,0,0,0,0,0,0,0,0,0,0,0,0,0,0,0,0,0,0,0,0,0
名勝 養浩館庭園 エリア,34,,,,,,,,4.029411765,,,,,7,4,8.823529412,,,,0,1,1,1,7,23,1,0,0,0,27,7,4,2,1,4,23,5,0,1,24,0,0,0,0,0,0,0,0,0,5,20,0,6,3,0,0,0,1,6,0,0,0,0,1,2,1,1,0,3,1,21,0,0,2,0,1,0,0,1,0,0,0,0,0,0,0,0,0,2,1,1,2,0,0,0,21,0,0,0,0,2,0,0,0,1,2,1,0,0,0,0,0,0,0,0,0,0,0,0,0,0,0,0,0,0,0
スキージャム勝山 エリア,19,,,,,,,,4.315789474,,,,,12,1,57.89473684,,,,0,0,5,4,8,1,0,0,0,0,11,8,8,3,3,0,5,1,2,1,3,1,0,1,0,6,0,0,0,2,10,4,3,3,6,1,0,0,3,2,0,1,0,2,0,0,1,1,0,3,1,1,0,3,0,1,3,2,0,0,0,0,0,0,0,0,0,0,0,0,1,0,1,0,0,0,5,0,0,0,0,3,0,0,3,4,2,0,0,0,0,0,0,0,0,0,0,0,0,0,0,0,0,0,0,0,0
六呂師高原 エリア,41,,,,,,,,4.024390244,,,,,14,14,0,,,,0,1,4,11,12,12,1,0,0,0,20,21,5,5,0,2,29,4,1,2,17,1,0,4,0,8,0,0,0,3,4,14,5,11,3,4,1,0,4,4,3,0,0,4,1,0,1,2,4,3,5,2,4,2,2,3,3,5,1,0,0,0,0,0,0,0,0,1,0,0,0,1,0,0,0,0,27,0,0,1,0,3,0,3,1,3,1,0,0,0,0,0,0,0,0,0,0,0,0,0,0,0,0,0,0,0,0
レインボーライン エリア,69,,,,,,,,4.434782609,,,,,38,9,42.02898551,,,,0,6,12,12,21,15,3,0,0,0,30,36,22,10,3,3,31,2,10,3,32,0,0,9,0,2,0,0,0,9,8,24,14,28,10,1,2,0,2,9,0,0,0,9,2,0,7,2,8,13,6,5,4,7,3,3,5,0,0,1,0,0,0,0,0,0,0,0,0,0,3,3,5,0,0,3,14,0,0,8,0,5,2,2,1,12,6,1,0,0,0,1,1,0,0,1,0,0,0,0,0,0,0,0,0,0,0
北陸新幹線 越前たけふ駅 エリア,55,,,,,,,,4.054545455,,,,,22,15,12.72727273,,,,1,4,8,7,26,8,1,0,0,0,28,25,18,5,2,1,29,12,2,3,26,0,0,4,0,4,0,0,0,4,8,14,6,8,5,13,2,0,1,2,0,0,0,6,8,5,6,1,2,6,6,6,9,2,0,4,2,1,1,0,0,0,0,0,0,0,0,0,0,1,0,1,2,1,2,1,26,0,0,3,1,1,1,1,3,6,4,1,0,0,0,0,0,0,0,0,0,0,0,0,0,0,0,0,0,0,0
うみんぴあ大飯 エリア,28,,,,,,,,4.107142857,,,,,11,7,14.28571429,,,,0,1,4,4,13,5,1,0,0,0,19,9,6,0,0,5,17,11,2,0,12,0,0,1,0,2,0,0,0,2,1,6,2,5,0,3,2,0,2,3,0,0,0,3,1,4,2,0,3,5,0,1,9,0,2,2,0,2,0,0,0,0,0,0,0,0,0,0,0,1,0,0,0,0,0,0,11,0,0,0,0,2,0,1,5,1,6,1,0,0,0,0,0,0,0,0,0,0,0,0,0,0,0,0,0,0,0
はたや記念館 ゆめおーれ勝山 エリア,39,,,,,,,,4.205128205,,,,,15,6,23.07692308,,,,1,0,3,6,14,13,2,0,0,0,15,23,9,5,0,0,25,1,0,0,24,0,0,2,0,7,0,0,0,4,9,15,0,5,9,1,5,0,0,7,2,0,0,6,1,0,3,1,5,3,3,3,3,1,1,1,0,3,1,0,0,0,0,0,0,0,0,0,0,1,0,1,0,0,1,4,22,0,0,0,0,1,2,1,0,3,3,0,0,0,0,0,0,0,0,0,0,0,0,0,0,0,0,0,0,0,0
越前陶芸村 エリア,43,,,,,,,,4.139534884,,,,,18,10,18.60465116,,,,0,1,6,4,22,8,2,0,0,0,22,21,7,5,0,6,25,8,2,1,22,0,0,0,0,4,0,0,0,6,8,14,5,4,4,4,8,0,0,1,0,0,0,2,4,5,6,3,1,4,5,3,9,1,1,1,2,1,0,1,0,0,0,0,0,0,0,0,0,0,0,1,1,2,0,2,21,0,2,0,1,4,0,2,1,0,5,0,0,0,0,0,0,0,0,0,0,0,0,0,0,0,0,0,0,0,0
小浜市まちの駅 エリア,11,,,,,,,,4.272727273,,,,,4,4,0,,,,0,0,2,3,4,0,2,0,0,0,6,5,2,3,1,1,4,4,0,0,4,0,0,1,0,1,0,0,0,0,0,0,0,0,0,0,0,0,0,4,0,0,1,1,0,2,0,0,1,2,2,1,1,2,0,0,0,1,0,0,0,0,0,0,0,0,0,0,0,1,1,1,0,0,0,0,2,0,0,0,0,0,0,2,1,2,1,0,0,0,0,0,0,0,0,0,0,0,0,0,0,0,0,0,0,0,0
東尋坊 エリア,23,,,,,,,,4.304347826,,,,,8,7,4.347826087,,,,0,3,6,1,6,7,0,0,0,0,8,15,12,3,1,2,5,4,1,1,7,0,0,3,0,2,0,0,0,3,5,7,3,7,5,0,0,0,2,2,0,0,0,2,1,0,5,0,0,2,2,4,2,1,1,1,1,0,3,0,0,0,0,0,0,0,0,0,1,0,2,1,1,0,0,4,3,0,1,0,1,4,0,1,3,1,0,0,0,0,0,0,0,0,0,0,0,0,0,0,0,0,0,0,0,0,0
美浜町レイクセンター エリア,66,,,,,,,,4.272727273,,,,,23,11,18.18181818,,,,1,2,7,8,26,20,1,0,0,0,27,35,18,14,0,0,34,10,1,3,28,4,0,4,1,5,0,0,0,9,11,34,10,25,4,6,3,0,0,14,3,0,0,10,2,1,7,2,4,9,14,3,5,4,1,2,3,1,1,0,0,0,0,0,0,0,0,0,0,0,3,3,2,0,0,5,11,0,0,4,2,4,3,3,5,10,7,2,2,0,0,0,0,0,0,0,0,0,0,0,0,0,0,0,0,0,0
若狭海遊バザール 千鳥苑 エリア,22,,,,,,,,4.045454545,,,,,5,7,-9.090909091,,,,0,0,2,4,9,6,1,0,0,0,9,12,1,1,0,0,20,6,0,0,12,0,0,1,0,2,0,0,0,0,0,6,2,5,1,6,0,0,2,7,0,0,0,5,0,1,4,1,3,4,5,0,0,1,0,0,1,0,0,0,0,0,0,0,0,0,0,0,0,0,1,0,0,0,0,0,9,0,0,2,0,2,0,3,2,3,0,0,0,0,0,0,0,0,0,0,0,0,0,0,0,0,0,0,0,0,0
若狭高浜 エリア,14,,,,,,,,4.285714286,,,,,6,1,35.71428571,,,,0,0,2,4,3,4,0,0,0,0,8,4,3,0,0,1,10,1,0,0,4,1,0,0,1,5,0,0,0,1,2,1,0,1,1,0,1,0,2,1,0,0,0,0,1,2,1,0,0,1,4,2,0,0,0,1,2,1,1,0,0,0,0,0,0,0,0,0,0,0,0,0,0,0,0,0,2,0,0,0,0,0,0,0,8,2,2,0,0,0,0,0,0,0,0,0,0,0,0,0,0,0,0,0,0,0,0
越前海岸 くりや旅館街 エリア,8,,,,,,,,4.75,,,,,4,0,50,,,,0,0,0,1,3,3,1,0,0,0,2,4,7,1,0,0,0,0,2,0,5,0,0,0,0,0,0,0,0,4,5,8,0,1,0,0,0,0,0,0,0,0,0,1,1,0,0,1,2,0,0,0,1,1,0,0,0,0,1,0,0,0,0,0,0,0,0,0,0,0,0,0,0,0,0,0,0,0,0,0,1,0,0,0,2,2,2,0,0,0,0,0,0,1,0,0,0,0,0,0,0,0,0,0,0,0,0
赤礁崎オートキャンプ場 エリア,2,,,,,,,,5,,,,,1,0,50,,,,0,0,0,1,0,1,0,0,0,0,1,1,1,0,0,0,1,1,0,0,0,0,0,0,0,1,0,0,0,0,0,0,0,0,0,0,0,0,2,0,0,0,0,0,0,0,0,0,0,1,0,0,0,1,0,0,0,0,0,0,0,0,0,0,0,0,0,0,0,0,0,0,0,0,0,0,0,0,0,0,0,0,0,1,1,0,0,0,0,0,0,0,0,0,0,0,0,0,0,0,0,0,0,0,0,0,0
若狭和田 エリア,27,,,,,,,,4.481481481,,,,,11,4,25.92592593,,,,0,0,2,6,10,7,2,0,0,0,14,13,19,4,1,2,1,7,0,3,4,0,0,2,3,2,0,0,0,10,5,10,0,2,0,1,1,0,3,3,0,0,0,4,0,6,3,0,2,3,4,4,2,1,1,1,2,1,0,0,0,0,0,0,0,0,0,0,0,1,0,1,0,0,1,1,3,0,0,1,2,3,0,0,0,5,5,1,0,1,0,0,0,0,0,0,0,0,0,0,1,0,1,0,0,0,0
若州一滴文庫 エリア,4,,,,,,,,4.25,,,,,3,0,75,,,,0,1,0,2,1,0,0,0,0,0,2,2,1,0,0,0,3,1,0,0,0,0,0,0,0,2,0,0,0,1,1,1,0,0,2,0,1,0,1,1,2,1,0,0,0,0,1,0,0,0,2,0,0,0,0,0,0,1,0,0,0,0,0,0,0,0,0,0,0,0,0,0,0,0,0,0,3,0,0,0,0,0,0,0,1,0,0,0,0,0,0,0,0,0,0,0,0,0,0,0,0,0,0,0,0,0,0
平泉寺白山神社 エリア,23,,,,,,,,4.260869565,,,,,10,4,26.08695652,,,,0,2,0,6,11,3,1,0,0,0,9,12,6,3,1,1,12,5,1,2,9,2,0,1,1,0,0,0,0,2,1,3,0,12,6,0,3,0,2,4,0,0,0,0,1,0,0,2,2,6,2,3,1,3,1,0,0,1,0,2,0,0,0,0,0,0,0,0,0,2,1,2,0,1,0,0,6,0,0,1,2,2,0,0,0,4,0,0,0,0,0,0,0,0,0,0,0,0,0,0,0,0,0,0,0,0,0
北前船主の館 右近家 エリア,2,,,,,,,,3,,,,,0,2,-100,,,,0,0,0,0,1,0,1,0,0,0,2,0,0,0,0,1,1,1,0,0,1,0,0,0,0,0,0,0,0,0,0,0,0,0,0,0,0,0,0,0,0,0,0,0,0,1,0,0,0,0,0,0,1,0,0,0,0,0,0,0,0,0,0,0,0,0,0,0,0,1,0,0,0,0,0,0,0,0,0,0,0,0,0,0,0,0,1,0,0,0,0,0,0,0,0,0,0,0,0,0,0,0,0,0,0,0,0
刃物の里 エリア,5,,,,,,,,3.4,,,,,0,1,-20,,,,0,0,0,0,5,0,0,0,0,0,5,0,0,0,0,4,1,5,0,0,0,0,0,0,0,0,0,0,0,0,0,0,0,0,0,0,0,0,0,0,0,0,0,0,0,5,0,0,0,0,0,0,5,0,0,0,0,0,0,0,0,0,0,0,0,0,0,0,0,0,0,0,0,0,0,0,0,0,0,0,0,0,0,0,0,0,5,0,0,0,0,0,0,0,0,0,0,0,0,0,0,0,0,0,0,0,0
今庄宿 エリア,17,,,,,,,,3.823529412,,,,,6,8,-11.76470588,,,,0,1,1,1,11,2,1,0,0,0,11,6,4,1,0,5,7,10,0,2,4,0,0,0,0,1,0,0,0,1,0,3,0,0,0,1,4,0,1,2,0,0,0,3,1,5,1,0,2,2,2,0,5,1,2,0,0,0,0,0,0,0,0,0,0,0,0,0,0,0,0,1,0,0,0,0,4,0,0,1,0,1,0,1,0,1,5,1,0,0,0,0,0,0,0,0,1,0,1,0,0,0,0,0,0,0,0
だるまちゃん広場 エリア,16,,,,,,,,4.375,,,,,9,3,37.5,,,,1,2,3,4,3,2,0,0,0,0,9,7,5,0,0,1,10,2,0,1,1,1,0,1,0,5,0,0,0,2,3,4,1,2,4,0,0,1,1,4,0,0,2,0,1,0,0,2,0,3,4,2,0,0,1,0,0,0,0,0,0,0,0,0,0,0,0,0,0,0,0,1,0,0,0,1,10,0,0,1,0,2,0,0,0,1,0,0,0,0,0,0,0,0,0,0,0,0,0,0,0,0,0,0,0,0,0
武生駅 エリア,7,,,,,,,,4.142857143,,,,,3,1,28.57142857,,,,0,0,0,3,3,1,0,0,0,0,4,3,0,0,0,0,7,1,0,1,3,0,0,0,0,1,0,0,0,0,2,3,1,2,1,2,1,1,1,2,0,0,0,2,1,0,0,0,0,2,0,0,1,2,1,1,0,0,0,0,0,0,0,0,0,0,0,0,0,0,0,0,0,0,0,0,7,0,0,0,0,0,0,0,0,0,0,0,0,0,0,0,0,0,0,0,0,0,0,0,0,0,0,0,0,0,0
大安禅寺 エリア,1,,,,,,,,4,,,,,0,1,-100,,,,0,0,0,0,0,1,0,0,0,0,0,1,0,1,0,0,0,0,0,0,0,0,0,0,0,0,0,0,0,0,0,0,0,0,0,0,0,0,0,0,0,0,0,0,1,0,0,0,0,0,0,0,0,0,0,0,0,0,0,0,0,0,0,0,0,0,0,0,0,0,0,1,0,0,0,0,0,0,0,0,0,0,0,0,0,0,0,0,0,0,0,0,0,0,0,0,0,0,0,0,0,0,0,0,0,0,0
竹田エリア,51,,,,,,,,4.31372549,,,,,19,14,9.803921569,,,,0,1,5,10,13,16,6,0,0,0,20,30,23,4,1,1,22,1,3,3,25,0,0,1,0,7,0,0,0,3,12,24,1,12,12,3,3,1,3,3,0,0,0,2,0,0,4,1,8,6,4,8,3,2,4,1,2,2,0,0,0,0,1,0,0,0,0,0,0,1,3,0,1,1,2,5,13,0,0,5,0,1,1,1,1,8,4,1,0,0,0,0,1,0,0,0,0,0,1,0,0,0,0,0,0,0,0
箸のふるさと館WAKASA エリア,4,,,,,,,,4.5,,,,,3,0,75,,,,0,0,1,1,1,1,0,0,0,0,2,2,0,2,0,0,2,2,0,0,1,0,0,0,0,1,0,0,0,0,0,1,0,0,1,0,0,0,0,2,0,0,0,0,0,1,0,0,0,3,1,0,0,0,0,0,0,0,0,0,0,0,0,0,0,0,0,0,0,0,2,0,0,0,0,0,1,0,0,0,0,0,0,0,1,0,0,0,0,0,0,0,0,0,0,0,0,0,0,0,0,0,0,0,0,0,0
道の駅「シーサイド高浜」 エリア,41,,,,,,,,3.634146341,,,,,5,20,-36.58536585,,,,0,2,3,8,16,11,1,0,0,0,23,18,10,0,0,6,25,12,0,0,18,1,0,1,0,6,0,0,0,3,7,9,1,3,0,4,2,0,2,2,0,0,0,8,3,4,9,0,5,5,2,1,6,1,1,2,1,3,0,0,0,0,0,0,0,1,0,0,0,0,0,1,0,0,0,0,14,0,0,2,0,1,0,2,9,4,6,0,0,1,0,0,0,0,0,0,0,0,0,0,0,0,0,0,0,0,0
河野北前船主通りエリア,39,,,,,,,,4.435897436,,,,,23,7,41.02564103,,,,1,0,6,2,17,10,3,0,0,0,18,18,9,3,0,7,20,11,1,3,17,0,0,3,0,0,0,0,0,3,7,14,0,24,3,2,2,0,4,7,2,0,0,7,0,4,4,1,1,5,5,3,5,0,0,2,2,2,0,0,0,0,0,0,0,0,0,1,0,0,0,2,0,0,0,0,13,0,1,0,1,8,0,4,2,0,6,0,0,0,0,0,0,1,0,0,0,0,0,0,0,0,0,0,0,0,0
道の駅「西山公園」 エリア,38,,,,,,,,4.210526316,,,,,12,9,7.894736842,,,,0,3,3,6,13,10,3,0,0,0,17,20,13,2,0,0,23,2,2,1,23,0,0,2,0,2,0,0,0,2,1,8,7,5,6,5,1,1,0,3,0,0,1,3,1,0,4,1,6,4,3,5,6,0,1,0,0,2,0,0,0,0,0,0,0,0,0,0,0,0,0,1,0,0,0,2,19,0,0,3,0,2,1,4,0,1,4,1,0,0,0,0,0,0,0,0,0,0,0,0,0,0,0,0,0,0,0
芝政ワールド エリア,9,,,,,,,,4.222222222,,,,,4,2,22.22222222,,,,0,0,4,4,1,0,0,0,0,0,5,4,1,1,0,1,6,1,2,0,1,0,0,0,0,5,0,0,0,0,0,4,1,1,5,0,1,0,0,0,0,1,0,0,0,0,0,0,0,3,1,0,0,1,0,1,2,1,0,0,0,0,0,0,0,0,0,1,0,0,0,0,0,0,0,2,5,0,0,0,0,1,0,0,0,0,0,0,0,0,0,0,0,0,0,0,0,0,0,0,0,0,0,0,0,0,0
道の駅みくに ふれあいパーク三里浜 エリア,32,,,,,,,,4.0625,,,,,8,7,3.125,,,,0,2,2,5,14,9,0,0,0,0,15,16,15,3,0,0,14,4,2,0,19,0,0,3,1,0,0,0,0,0,5,6,1,5,2,3,3,0,0,2,0,0,0,6,0,1,3,0,0,4,2,7,5,2,0,0,1,1,1,0,0,0,0,0,0,0,0,0,0,1,0,1,2,0,0,3,9,0,1,2,0,4,0,1,3,3,2,0,0,0,0,0,0,0,0,0,0,0,0,0,0,0,0,0,0,0,0
紫式部公園 エリア,11,,,,,,,,4.181818182,,,,,5,2,27.27272727,,,,0,0,4,1,3,3,0,0,0,0,4,7,4,2,0,2,3,2,0,1,4,0,0,1,0,1,0,0,0,1,3,3,2,3,2,1,1,0,0,3,0,0,0,1,1,0,0,0,0,2,1,2,0,0,0,1,1,2,1,0,0,0,0,0,0,0,0,0,0,2,1,0,1,0,0,1,2,0,0,0,0,2,0,0,0,1,0,1,0,0,0,0,0,0,0,0,0,0,0,0,0,0,0,0,0,0,0
青葉山ハーバルビレッジ エリア,10,,,,,,,,4.9,,,,,9,1,80,,,,0,1,3,1,2,3,0,0,0,0,3,7,3,0,0,0,7,1,0,1,1,0,0,1,0,4,0,0,0,1,0,5,3,1,1,0,0,0,2,3,1,0,0,2,2,0,1,1,0,0,0,0,3,0,1,0,1,1,0,0,0,0,0,0,0,0,0,0,0,0,0,0,0,0,0,0,3,0,0,0,0,0,0,0,5,1,1,0,0,0,0,0,0,0,0,0,0,0,0,0,0,0,0,0,0,0,0
水島 エリア,3,,,,,,,,4.666666667,,,,,3,0,100,,,,0,0,1,0,2,0,0,0,0,0,2,1,3,0,0,0,0,0,0,1,1,0,0,0,0,0,0,0,0,1,0,1,0,0,0,0,0,0,2,0,0,1,0,0,0,0,1,0,0,0,1,0,0,0,1,0,0,0,0,0,0,0,0,0,0,0,0,0,0,0,1,0,0,0,0,0,0,0,0,0,0,0,0,1,0,0,1,0,0,0,0,0,0,0,0,0,0,0,0,0,0,0,0,0,0,0,0
越前海岸 高佐米ノ旅館街 エリア,10,,,,,,,,4.4,,,,,5,1,40,,,,0,0,1,1,3,3,2,0,0,0,2,8,6,0,0,1,3,0,0,0,3,2,0,1,1,2,0,0,0,3,6,6,0,0,0,0,1,0,3,0,0,0,0,0,1,1,2,1,0,2,1,1,0,0,1,1,0,0,0,0,0,0,0,0,0,0,0,0,0,1,0,0,0,0,0,0,0,0,0,0,0,3,2,1,1,1,0,1,0,0,0,0,0,0,0,0,0,0,0,0,0,0,0,0,0,0,0
波松 エリア,4,,,,,,,,4.5,,,,,1,0,25,,,,0,0,0,1,2,1,0,0,0,0,2,2,0,0,0,0,4,0,0,2,1,0,0,0,0,0,0,0,0,0,0,3,0,2,0,0,1,0,0,0,0,0,0,2,0,0,0,0,1,0,1,0,0,0,0,0,0,0,0,0,0,0,0,0,0,0,0,0,0,0,0,0,0,0,0,0,2,0,0,2,0,0,0,0,0,0,0,0,0,0,0,0,0,0,0,0,0,0,0,0,0,0,0,0,0,0,0
越前和紙の里 エリア,2,,,,,,,,4,,,,,1,0,50,,,,0,0,0,0,1,1,0,0,0,0,0,2,1,0,0,0,1,1,0,1,0,0,0,0,0,0,0,0,0,0,0,2,0,1,1,0,0,0,0,1,0,0,0,1,0,0,0,0,0,0,0,1,1,0,0,0,0,0,0,0,0,0,0,0,0,0,0,0,0,0,0,0,0,0,0,0,1,0,0,0,0,0,0,0,0,0,1,0,0,0,0,0,0,0,0,0,0,0,0,0,0,0,0,0,0,0,0
越前海岸 茂原民宿街 エリア,3,,,,,,,,4.333333333,,,,,2,0,66.66666667,,,,0,0,1,0,1,1,0,0,0,0,1,2,3,0,0,0,0,0,0,1,0,0,0,0,0,2,0,0,0,1,0,1,0,0,0,0,1,0,1,0,0,1,0,0,0,0,0,0,0,0,1,0,1,0,1,0,0,0,0,0,0,0,0,0,0,0,0,0,0,0,0,0,0,0,0,1,2,0,0,0,0,0,0,0,0,0,0,0,0,0,0,0,0,0,0,0,0,0,0,0,0,0,0,0,0,0,0
美浜町健康楽膳拠点施設こるぱエリア,1,,,,,,,,4,,,,,0,1,-100,,,,0,0,0,0,0,1,0,0,0,0,0,1,0,1,0,0,0,0,0,0,0,0,0,0,0,0,0,0,0,1,0,1,0,0,0,0,0,0,0,0,0,0,0,0,0,0,1,0,0,0,0,0,0,0,0,0,0,0,0,0,0,0,0,0,0,0,0,0,0,0,0,0,0,0,0,1,0,0,0,0,0,0,0,0,0,0,0,0,0,0,0,0,0,0,0,0,0,0,0,0,0,0,0,0,0,0,0
越前海岸 越前岬 エリア,2,,,,,,,,4.5,,,,,1,1,0,,,,0,0,1,0,1,0,0,0,0,0,0,2,1,0,0,0,1,1,0,1,0,0,0,0,0,0,0,0,0,0,0,1,0,1,0,0,0,0,0,0,0,0,0,2,0,0,1,0,0,0,0,0,0,1,0,0,0,0,0,0,0,0,0,0,0,0,0,0,0,0,0,0,0,0,0,0,1,0,0,0,0,1,0,0,0,0,0,0,0,0,0,0,0,0,0,0,0,0,0,0,0,0,0,0,0,0,0
富山県,立山町,77,,,,,,,,4.363636364,,,,,47,8,0.506493507,,,,1,7,9,10,23,21,5,0,0,0,32,45,20,15,12,8,22,7,3,8,32,2,10,0,0,10,3,0,2,19,31,32,18,0,0,0,4,0,20,4,4,0,1,5,0,4,,,,,,,,,,,,,,1,0,0,0,0,0,1,0,1,1,2,4,8,6,2,22,2,0,2,1,1,1,4,0,3,1,6,1,3,0,0,1,0,0,0,0,0,1,0,2,0,0,0,0,0,0,0
富山県,氷見市,203,,,,,,,,4.221674877,,,,,90,41,0.24137931,,,,3,11,13,22,59,67,22,0,0,0,69,132,93,43,16,11,40,11,5,36,61,5,47,0,0,16,17,0,5,79,109,131,15,0,0,0,10,0,5,9,9,0,1,11,0,3,,,,,,,,,,,,,,3,0,0,0,0,0,2,3,2,2,7,2,8,12,1,79,18,3,0,6,6,4,11,0,3,3,15,4,3,1,0,0,0,0,0,0,0,0,0,0,0,0,0,1,3,1,0
富山県,上市町,19,,,,,,,,4.578947368,,,,,8,4,0.210526316,,,,0,3,2,0,6,5,2,0,0,0,8,11,6,5,1,0,7,2,0,0,10,0,4,0,0,1,2,0,0,3,5,13,3,0,0,0,1,0,3,1,1,0,1,5,0,0,,,,,,,,,,,,,,1,0,0,0,0,0,1,0,0,0,0,0,1,0,1,7,3,0,0,0,1,0,2,0,0,1,0,0,0,0,0,0,0,1,0,0,0,0,0,0,0,0,0,0,0,0,0
富山県,射水市,86,,,,,,,,4.139534884,,,,,36,18,0.209302326,,,,1,2,11,17,28,24,3,0,0,0,35,50,28,5,10,8,35,7,4,8,36,2,8,0,0,4,14,0,3,18,28,62,13,0,0,0,10,0,3,6,6,0,0,6,0,1,,,,,,,,,,,,,,0,0,0,0,0,0,0,1,0,2,0,2,3,5,4,31,8,4,0,5,5,1,5,1,0,0,5,2,1,0,0,0,0,0,0,0,0,0,0,0,0,0,0,1,0,0,0
富山県,黒部市,100,,,,,,,,4.3,,,,,52,12,0.4,,,,1,8,12,15,27,25,12,0,0,0,52,47,32,19,15,8,26,16,5,6,38,4,14,0,0,5,9,0,3,26,51,65,19,0,0,0,6,0,8,8,8,0,2,12,0,1,,,,,,,,,,,,,,0,0,0,2,0,0,0,0,1,5,8,1,9,3,9,21,7,1,0,5,0,2,8,1,0,3,3,3,1,4,1,0,0,0,1,0,0,0,0,0,0,0,1,0,0,0,0
富山県,砺波市,141,,,,,,,,4.276595745,,,,,70,16,0.382978723,,,,1,17,15,18,47,34,8,0,0,0,44,96,50,18,11,8,54,6,13,19,53,2,32,0,0,8,7,0,1,34,44,78,46,0,0,0,17,0,7,7,7,0,0,7,0,2,,,,,,,,,,,,,,0,1,0,0,0,2,1,1,1,0,5,1,6,4,1,39,21,5,0,6,3,4,12,4,5,2,12,3,1,0,0,0,0,0,0,1,0,0,0,0,0,0,0,0,0,0,0
富山県,滑川市,53,,,,,,,,4.169811321,,,,,25,5,0.377358491,,,,1,4,10,8,12,17,1,0,0,0,29,24,12,12,5,9,15,3,0,7,20,1,13,0,0,1,8,0,0,6,6,37,10,0,0,0,2,0,4,0,0,0,0,4,0,3,,,,,,,,,,,,,,1,0,0,1,0,0,1,0,0,1,3,1,8,1,4,5,4,1,0,2,3,2,6,0,1,4,2,1,0,0,0,0,0,0,1,0,0,0,0,0,0,0,0,0,0,0,0
富山県,高岡市,139,,,,,,,,4.273381295,,,,,77,15,0.446043166,,,,0,12,9,23,47,33,14,0,0,0,62,76,49,35,18,11,26,14,11,15,51,5,24,0,0,7,9,0,3,27,37,85,23,0,0,0,18,0,4,8,8,0,1,12,0,1,,,,,,,,,,,,,,2,0,0,1,0,0,0,1,1,1,3,2,12,9,2,32,10,3,3,10,9,4,5,1,0,2,10,8,2,0,0,0,2,0,1,0,0,0,0,1,0,0,0,0,0,0,2
富山県,富山市,281,,,,,,,,4.341637011,,,,,154,34,0.427046263,,,,2,13,28,39,74,94,27,0,0,0,106,168,100,59,22,27,73,43,14,31,99,7,47,0,0,17,15,0,8,54,90,158,43,0,0,0,16,0,21,24,24,0,3,23,0,10,,,,,,,,,,,,,,3,0,0,0,0,3,1,3,2,1,10,10,31,10,6,87,9,5,1,8,13,1,15,5,4,2,12,18,2,1,0,1,1,3,1,2,0,0,2,2,0,0,0,2,0,2,2
富山県,魚津市,70,,,,,,,,4.157142857,,,,,36,16,0.285714286,,,,0,2,8,9,24,23,4,0,0,0,36,34,22,18,3,15,12,14,2,9,26,1,6,0,0,8,2,0,2,7,10,40,8,0,0,0,1,0,5,2,2,0,3,7,0,5,,,,,,,,,,,,,,1,0,0,2,0,2,3,1,0,1,4,1,8,1,1,12,2,1,0,5,1,2,4,2,3,0,6,2,1,0,0,0,2,0,1,0,0,0,0,1,0,0,0,0,0,0,0
富山県,朝日町,27,,,,,,,,4.111111111,,,,,14,7,0.259259259,,,,0,2,1,6,8,9,1,0,0,0,9,18,9,3,4,0,11,4,0,2,8,0,8,0,0,0,4,0,1,7,7,15,6,0,0,0,0,0,0,2,2,0,1,0,0,0,,,,,,,,,,,,,,0,0,0,0,0,0,0,0,0,0,0,0,3,2,1,10,3,1,0,1,2,0,1,0,0,0,0,0,0,1,0,0,0,1,0,0,0,1,0,0,0,0,0,0,0,0,0
富山県,入善町,18,,,,,,,,4.277777778,,,,,7,2,0.277777778,,,,0,2,1,1,7,6,1,0,0,0,9,9,3,2,0,0,13,2,1,0,5,0,5,0,0,2,3,0,0,2,4,12,2,0,0,0,1,0,1,0,0,0,1,1,0,1,,,,,,,,,,,,,,0,0,0,0,0,0,0,0,0,0,1,0,0,1,3,9,1,0,0,2,0,0,0,0,1,0,0,0,0,0,0,0,0,0,0,0,0,0,0,0,0,0,0,0,0,0,0
富山県,南砺市,47,,,,,,,,4.276595745,,,,,19,6,0.276595745,,,,0,1,3,3,8,24,8,0,0,0,17,30,18,6,2,2,19,4,0,2,26,2,9,0,0,2,2,0,0,13,15,31,10,0,0,0,5,0,3,4,4,0,0,8,0,1,,,,,,,,,,,,,,0,0,0,0,0,0,1,1,0,0,0,0,0,3,0,11,15,3,0,2,5,0,2,2,0,0,1,0,1,0,0,0,0,0,0,0,0,0,0,0,0,0,0,0,0,0,0
富山県,小矢部市,39,,,,,,,,4.256410256,,,,,20,6,0.358974359,,,,0,2,1,13,7,15,1,0,0,0,19,20,12,1,2,1,23,4,3,2,15,0,4,0,0,5,6,0,0,6,7,17,3,0,0,0,7,0,3,3,3,0,0,2,0,1,,,,,,,,,,,,,,0,0,0,0,1,0,0,0,0,0,0,1,1,0,1,17,10,1,0,1,0,0,1,1,0,0,1,2,0,0,0,0,1,0,0,0,0,0,0,0,0,0,0,0,0,0,0
石川県,金沢城公園,564,12,14,-0.142857143,5,20,4.502136752,3.583333333,4.42745098,3.833333333,4.606860158,4.416666667,8.455673759,316,71,0.434397163,5,3,0.166666667,0.017730496,0.147163121,0.171985816,0.191489362,0.258865248,0.161347518,0.05141844,0,0,0,0.409574468,0.576241135,0.381205674,0.319148936,0.070921986,0.081560284,0.147163121,0.212765957,0.078014184,0.14893617,0.244680851,0.008865248,0,0.086879433,0.017730496,0.083333333,0.023049645,0.00177305,0,0.145390071,0.173758865,0.622340426,0.129432624,0,0,0,0.076241135,0,0,0,0,0,0,0.031914894,0,0.04787234,0.058510638,0.056737589,0.090425532,0.118794326,0.15248227,0.115248227,0.079787234,0.079787234,0.044326241,0.062056738,0.063829787,0.024822695,0.053191489,0.015957447,0.00177305,0.003546099,0.008865248,0,0.003546099,0.007092199,0.021276596,0.023049645,0.014184397,0.062056738,0.074468085,0.157801418,0.065602837,0.017730496,0.031914894,0.078014184,0.014184397,0.005319149,0.014184397,0.024822695,0.033687943,0.083333333,0.014184397,0.014184397,0.026595745,0.078014184,0.053191489,0.008865248,0,0.00177305,0,0.005319149,0.00177305,0.00177305,0.00177305,0,0.003546099,0,0.010638298,0.00177305,0,0,0.007092199,0,0,0.007092199
石川県,兼六園,108,2,1,1,24,38,4.477272727,5,4.52,5,4.621621622,5,8.509259259,62,15,0.435185185,1,0,0.5,0.018518519,0.166666667,0.148148148,0.231481482,0.212962963,0.203703704,0.018518519,0,0,0,0.240740741,0.731481482,0.462962963,0.287037037,0.101851852,0.037037037,0.111111111,0.092592593,0.12037037,0.157407407,0.342592593,0.009259259,0,0.12962963,0.018518519,0.018518519,0.027777778,0,0,0.055555556,0.148148148,0.703703704,0.166666667,0,0,0,0.046296296,0,0,0,0,0,0,0.018518519,0,0.046296296,0.027777778,0.055555556,0.12037037,0.111111111,0.101851852,0.12962963,0.101851852,0.074074074,0.055555556,0.064814815,0.101851852,0.046296296,0.009259259,0.018518519,0,0,0.009259259,0.009259259,0,0,0.009259259,0.027777778,0.018518519,0.074074074,0.092592593,0.175925926,0.12962963,0.009259259,0.027777778,0.074074074,0,0.009259259,0.027777778,0.018518519,0.009259259,0.046296296,0.018518519,0.009259259,0.027777778,0.046296296,0.009259259,0.009259259,0.009259259,0,0,0,0.009259259,0,0.009259259,0,0,0,0.027777778,0,0.009259259,0,0.018518519,0,0,0.009259259
石川県,金沢駅,247,48,41,0.170731707,11,4,4.462222222,4.3125,4.427350427,4.270833333,4.647540984,4.4375,8.704453441,144,16,0.518218624,27,2,0.520833333,0.032388664,0.16194332,0.165991903,0.210526316,0.230769231,0.182186235,0.012145749,0.004048583,0,0,0.372469636,0.607287449,0.412955466,0.28340081,0.097165992,0.101214575,0.105263158,0.234817814,0.060728745,0.109311741,0.263157895,0.012145749,0.004048583,0.117408907,0.048582996,0.036437247,0.012145749,0,0.008097166,0.170040486,0.170040486,0.655870445,0.068825911,0,0,0,0.048582996,0,0,0,0,0,0,0,0,0.097165992,0.064777328,0.056680162,0.060728745,0.072874494,0.125506073,0.12145749,0.093117409,0.076923077,0.085020243,0.04048583,0.085020243,0.056680162,0.060728745,0.004048583,0,0.016194332,0,0,0.008097166,0.004048583,0.012145749,0.004048583,0.012145749,0.056680162,0.036437247,0.20242915,0.089068826,0.004048583,0.032388664,0.028340081,0.008097166,0,0.052631579,0.012145749,0.016194332,0.068825911,0.004048583,0.004048583,0.028340081,0.153846154,0.048582996,0.012145749,0.008097166,0,0,0.016194332,0.032388664,0,0,0,0,0,0.008097166,0.004048583,0.004048583,0,0,0,0.004048583,0.004048583
石川県,金沢中央観光案内所,902,30,28,0.071428571,2,10,4.392510402,3.266666667,4.408854167,3.666666667,4.584158416,4.366666667,8.074279379,413,174,0.264966741,13,5,0.266666667,0.029933481,0.186252772,0.202882483,0.179600887,0.237250554,0.137472284,0.026607539,0,0,0,0.337028825,0.630820399,0.344789357,0.333702883,0.100886918,0.119733925,0.100886918,0.195121951,0.11308204,0.128603104,0.252771619,0.003325942,0.001108647,0.118625277,0.014412417,0.066518847,0.015521064,0.001108647,0,0.187361419,0.130820399,0.662971175,0.094235033,0,0,0,0.070953437,0,0,0,0,0,0,0.009977827,0,0.034368071,0.072062084,0.034368071,0.068736142,0.129711752,0.126385809,0.10864745,0.086474501,0.057649667,0.055432373,0.064301552,0.093126386,0.038802661,0.064301552,0.011086475,0.003325942,0.007760532,0.015521064,0.002217295,0.007760532,0.003325942,0.022172949,0.013303769,0.009977827,0.05210643,0.050997783,0.227272727,0.093126386,0.011086475,0.026607539,0.050997783,0.005543237,0.002217295,0.006651885,0.016629712,0.025498891,0.062084257,0.00886918,0.00886918,0.039911308,0.094235033,0.038802661,0.014412417,0.007760532,0.001108647,0.002217295,0.006651885,0.005543237,0.002217295,0.001108647,0.003325942,0.002217295,0.002217295,0.013303769,0.002217295,0.001108647,0.006651885,0.003325942,0.002217295,0.002217295,0.002217295
石川県,長町武家屋敷休憩館,90,3,4,-0.25,28,33,4.415584416,4.333333333,4.43902439,4.333333333,4.555555556,4.666666667,8.333333333,46,13,0.366666667,1,1,0,0.044444444,0.155555556,0.155555556,0.233333333,0.166666667,0.2,0.044444444,0,0,0,0.388888889,0.6,0.333333333,0.322222222,0.177777778,0.111111111,0.055555556,0.1,0.144444444,0.111111111,0.388888889,0,0,0.122222222,0.022222222,0.033333333,0,0,0,0.211111111,0.211111111,0.622222222,0.088888889,0,0,0,0.011111111,0,0,0,0,0,0,0,0,0.022222222,0.066666667,0.022222222,0.066666667,0.122222222,0.111111111,0.133333333,0.1,0.055555556,0.066666667,0.088888889,0.088888889,0.044444444,0.033333333,0.044444444,0.022222222,0,0,0,0,0,0,0,0.077777778,0.044444444,0.1,0.211111111,0.111111111,0.022222222,0.022222222,0.033333333,0,0,0.011111111,0.033333333,0,0.1,0,0,0.022222222,0.033333333,0.044444444,0.022222222,0,0.011111111,0,0,0.011111111,0,0,0,0,0,0.011111111,0.011111111,0,0,0,0,0,0
石川県,西茶屋資料館,66,0,1,-1,38,51,4.410714286,,4.440677966,,4.527777778,,7.166666667,18,21,-0.045454545,0,0,,0,0.166666667,0.272727273,0.121212121,0.303030303,0.136363636,0,0,0,0,0.333333333,0.636363636,0.287878788,0.439393939,0.136363636,0.045454545,0.090909091,0.166666667,0.075757576,0.106060606,0.409090909,0,0,0.121212121,0.015151515,0.045454545,0.045454545,0,0,0.196969697,0.151515152,0.712121212,0.075757576,0,0,0,0.015151515,0,0,0,0,0,0,0.015151515,0,0.015151515,0.015151515,0.03030303,0.106060606,0.060606061,0.106060606,0.151515152,0.045454545,0.045454545,0.03030303,0.106060606,0.151515152,0.090909091,0.060606061,0,0,0,0,0,0.015151515,0,0,0.045454545,0,0.090909091,0.090909091,0.318181818,0.060606061,0.045454545,0.015151515,0.015151515,0.03030303,0.015151515,0,0,0,0.045454545,0,0.03030303,0.045454545,0.045454545,0.045454545,0.015151515,0,0,0,0.015151515,0,0,0,0,0,0,0,0,0,0.015151515,0,0,0,0
石川県,ひがし茶屋休憩館,88,1,1,0,29,41,4.580246914,4,4.588235294,5,4.719298246,5,8.522727273,49,9,0.454545455,0,0,0,0.034090909,0.238636364,0.181818182,0.215909091,0.272727273,0.056818182,0,0,0,0,0.352272727,0.647727273,0.306818182,0.420454546,0.045454545,0.102272727,0.125,0.170454546,0.136363636,0.159090909,0.238636364,0.011363636,0,0.147727273,0,0.056818182,0.011363636,0,0,0.227272727,0.193181818,0.784090909,0.079545455,0,0,0,0.011363636,0,0,0,0,0,0,0,0,0.022727273,0.090909091,0.034090909,0.079545455,0.090909091,0.193181818,0.056818182,0.079545455,0.079545455,0.034090909,0.090909091,0.068181818,0.045454545,0.056818182,0.022727273,0,0,0,0,0.011363636,0,0.022727273,0,0.011363636,0.056818182,0.068181818,0.181818182,0.136363636,0.034090909,0.011363636,0.022727273,0.011363636,0.011363636,0.022727273,0.011363636,0.034090909,0.068181818,0,0.011363636,0.034090909,0.113636364,0.011363636,0.011363636,0,0,0,0,0.045454545,0,0,0,0,0,0.022727273,0,0,0,0,0,0,0.011363636
石川県,石川県政記念しいのき迎賓館,84,14,2,6,30,18,4.464788732,4,4.481012658,4.285714286,4.608695652,4.642857143,8.154761905,38,14,0.285714286,8,2,0.428571429,0,0.166666667,0.166666667,0.202380952,0.261904762,0.190476191,0.011904762,0,0,0,0.345238095,0.630952381,0.30952381,0.238095238,0.130952381,0.107142857,0.214285714,0.166666667,0.107142857,0.178571429,0.297619048,0,0,0.047619048,0.023809524,0.119047619,0,0,0,0.190476191,0.214285714,0.607142857,0.107142857,0,0,0,0.166666667,0,0,0,0,0,0,0.035714286,0,0.095238095,0.05952381,0.023809524,0.071428571,0.107142857,0.071428571,0.095238095,0.107142857,0.083333333,0.071428571,0.083333333,0.095238095,0.023809524,0.107142857,0.011904762,0,0,0,0.011904762,0,0,0.011904762,0,0.035714286,0.05952381,0,0.130952381,0.05952381,0.011904762,0.083333333,0.261904762,0,0,0,0,0,0.05952381,0.011904762,0,0.05952381,0.107142857,0.023809524,0,0,0,0,0.023809524,0.011904762,0,0,0.011904762,0,0,0.011904762,0,0,0,0,0,0,0
石川県,石川県立図書館,958,8,0,,1,24,4.650057937,4.125,4.701475596,4.625,4.601760176,4,8.618997912,597,112,0.506263048,5,1,0.5,0.041753653,0.207724426,0.16388309,0.200417537,0.218162839,0.137787056,0.020876827,0.007306889,0.001043841,0.001043841,0.365344468,0.605427975,0.272442589,0.260960334,0.102296451,0.128392484,0.235908142,0.191022965,0.075156576,0.146137787,0.169102297,0.008350731,0,0.111691023,0.011482255,0.129436326,0.052192067,0,0,0.16388309,0.115866388,0.460334029,0.022964509,0,0,0,0.064718163,0,0,0,0,0,0,0.03131524,0,0.039665971,0.064718163,0.032359081,0.065762004,0.10125261,0.11691023,0.139874739,0.08559499,0.065762004,0.080375783,0.057411273,0.090814196,0.049060543,0.050104384,0.022964509,0.002087683,0.001043841,0.006263048,0.001043841,0,0.006263048,0.008350731,0.010438413,0.008350731,0.054279749,0.029227557,0.1565762,0.090814196,0.018789144,0.065762004,0.175365345,0.025052192,0.001043841,0.025052192,0.021920668,0.020876827,0.056367432,0.011482255,0.010438413,0.022964509,0.059498956,0.034446764,0.005219207,0.002087683,0,0.004175365,0.005219207,0.008350731,0,0.001043841,0.001043841,0.002087683,0,0.007306889,0.006263048,0.004175365,0.001043841,0.003131524,0,0.002087683,0
石川県,石川県立歴史博物館,371,39,32,0.21875,9,7,4.504424779,4.358974359,4.552023121,4.358974359,4.580060423,4.487179487,8.226415094,174,59,0.309973046,18,3,0.384615385,0.032345013,0.239892183,0.153638814,0.169811321,0.196765499,0.15902965,0.04851752,0,0,0,0.46361186,0.509433962,0.323450135,0.315363881,0.099730458,0.088948787,0.172506739,0.253369272,0.121293801,0.123989218,0.266846361,0.005390836,0,0.088948787,0.016172507,0.029649596,0.002695418,0,0,0.167115903,0.118598383,0.541778976,0.094339623,0,0,0,0.051212938,0,0,0,0,0,0,0.016172507,0,0.051212938,0.04851752,0.053908356,0.086253369,0.132075472,0.132075472,0.091644205,0.067385445,0.043126685,0.051212938,0.064690027,0.080862534,0.051212938,0.09703504,0.013477089,0.002695418,0.002695418,0,0.005390836,0.005390836,0,0.016172507,0.005390836,0.021563342,0.04851752,0.051212938,0.191374663,0.099730458,0.005390836,0.043126685,0.105121294,0.010781671,0.010781671,0.02425876,0.010781671,0.026954178,0.070080863,0.013477089,0.018867925,0.035040431,0.080862534,0.035040431,0.010781671,0.005390836,0,0,0.005390836,0,0,0,0.010781671,0,0,0.008086253,0,0,0,0,0,0,0.005390836
石川県,石川県立美術館,133,0,0,,21,52,4.369369369,,4.475,,4.474576271,,7.954887218,58,25,0.248120301,0,0,,0,0.180451128,0.187969925,0.195488722,0.240601504,0.165413534,0.030075188,0,0,0,0.390977444,0.593984962,0.360902256,0.172932331,0.082706767,0.097744361,0.285714286,0.270676692,0.105263158,0.097744361,0.308270677,0.007518797,0,0.090225564,0.007518797,0.037593985,0.030075188,0,0,0.165413534,0.120300752,0.511278196,0.07518797,0,0,0,0.030075188,0,0,0,0,0,0,0.015037594,0,0.007518797,0.030075188,0.037593985,0.105263158,0.105263158,0.112781955,0.082706767,0.112781955,0.105263158,0.045112782,0.07518797,0.097744361,0.045112782,0.045112782,0.022556391,0,0,0,0,0,0.007518797,0.030075188,0.007518797,0.007518797,0.015037594,0.015037594,0.165413534,0.097744361,0.015037594,0.082706767,0.180451128,0.037593985,0,0.037593985,0.022556391,0.007518797,0.022556391,0.015037594,0.022556391,0.022556391,0.030075188,0.037593985,0.037593985,0,0.022556391,0,0.007518797,0.007518797,0.007518797,0,0,0,0,0.007518797,0,0,0,0,0,0,0.007518797
石川県,からくり記念館,47,0,0,,49,53,4.511627907,,4.466666667,,4.514285714,,8.212765957,20,5,0.319148936,0,0,,0.021276596,0.127659575,0.234042553,0.29787234,0.127659575,0.14893617,0.042553191,0,0,0,0.531914894,0.468085106,0.276595745,0.361702128,0.042553191,0.14893617,0.170212766,0.127659575,0.085106383,0.106382979,0.234042553,0,0,0.063829787,0.021276596,0.212765957,0.063829787,0,0,0.085106383,0.276595745,0.489361702,0.063829787,0,0,0,0.085106383,0,0,0,0,0,0,0.085106383,0,0.042553191,0,0,0.106382979,0.106382979,0.085106383,0.063829787,0.106382979,0.106382979,0.063829787,0.085106383,0.170212766,0.063829787,0.042553191,0.021276596,0,0,0,0,0,0,0,0,0,0.042553191,0.021276596,0.063829787,0.021276596,0.042553191,0.085106383,0.085106383,0,0,0.042553191,0.042553191,0.021276596,0.042553191,0.085106383,0.021276596,0.063829787,0.14893617,0.042553191,0,0,0,0.021276596,0,0.042553191,0,0,0,0,0,0,0,0,0,0.021276596,0.021276596,0,0
石川県,ホテル・トリフィート金沢,139,1,0,,20,42,4.597014925,5,4.591240876,5,4.660550459,5,8.71942446,83,11,0.517985612,1,0,1,0.007194245,0.18705036,0.223021583,0.151079137,0.26618705,0.143884892,0.021582734,0,0,0,0.338129496,0.647482014,0.410071942,0.474820144,0.057553957,0.057553957,0,0.09352518,0.136690648,0.122302158,0.244604317,0,0,0.136690648,0.028776978,0.043165468,0.021582734,0,0,0.194244604,0.09352518,0.705035971,0.057553957,0,0,0,0.014388489,0,0,0,0,0,0,0,0,0.071942446,0.014388489,0.021582734,0.064748201,0.151079137,0.115107914,0.107913669,0.050359712,0.057553957,0.057553957,0.086330935,0.151079137,0.057553957,0.064748201,0.021582734,0.014388489,0,0.007194245,0,0,0.014388489,0,0.014388489,0.021582734,0.100719425,0.071942446,0.26618705,0.100719425,0.021582734,0,0.057553957,0,0,0,0.021582734,0.035971223,0.050359712,0.007194245,0.007194245,0.014388489,0.071942446,0.014388489,0,0,0,0.014388489,0.007194245,0.021582734,0,0,0,0,0,0.007194245,0,0,0.007194245,0.007194245,0,0,0
石川県,ダイワロイネットホテル金沢MIYABI,79,10,0,,33,21,4.662337662,4.1,4.701298701,4.1,4.69047619,4.6,8.860759494,53,6,0.594936709,4,2,0.2,0,0.139240506,0.291139241,0.227848101,0.253164557,0.063291139,0.025316456,0,0,0,0.35443038,0.632911392,0.493670886,0.265822785,0.126582279,0.101265823,0.012658228,0.113924051,0.113924051,0.101265823,0.215189873,0,0.012658228,0.113924051,0.113924051,0.126582279,0.025316456,0,0,0.227848101,0.189873418,0.658227848,0.075949367,0,0,0,0.012658228,0,0,0,0,0,0,0,0,0.113924051,0.012658228,0.063291139,0.050632911,0.164556962,0.063291139,0.063291139,0.088607595,0.075949367,0.101265823,0.050632911,0.126582279,0.025316456,0.113924051,0.025316456,0,0,0.050632911,0,0,0.025316456,0.050632911,0.012658228,0,0.050632911,0.025316456,0.202531646,0.037974684,0.025316456,0.012658228,0.050632911,0,0,0.025316456,0.037974684,0,0.075949367,0.025316456,0,0.025316456,0.075949367,0.037974684,0,0,0,0,0.012658228,0.025316456,0,0.012658228,0,0,0.012658228,0.050632911,0,0,0,0,0,0.012658228,0
石川県,ホテルインターゲート金沢,52,0,0,,46,54,4.583333333,,4.54,,4.217391304,,8.461538462,28,5,0.442307692,0,0,,0,0.115384615,0.192307692,0.192307692,0.307692308,0.173076923,0.019230769,0,0,0,0.692307692,0.288461539,0.461538462,0.346153846,0.076923077,0.115384615,0,0.134615385,0.057692308,0.115384615,0.403846154,0.019230769,0,0.076923077,0.115384615,0.019230769,0,0,0,0.153846154,0.096153846,0.692307692,0.019230769,0,0,0,0.019230769,0,0,0,0,0,0,0.019230769,0,0.115384615,0,0.019230769,0.038461538,0.076923077,0.096153846,0.134615385,0.173076923,0.153846154,0.038461538,0.096153846,0.115384615,0.057692308,0,0.038461538,0,0,0,0,0,0.057692308,0,0.019230769,0,0.019230769,0.076923077,0.076923077,0.019230769,0.115384615,0.019230769,0.019230769,0.019230769,0,0.038461538,0,0.057692308,0.076923077,0.038461538,0.019230769,0,0.153846154,0.038461538,0,0,0,0,0.038461538,0,0,0,0,0,0,0.038461538,0.019230769,0,0,0,0,0,0
石川県,ホテルマイステイズプレミア金沢,82,0,0,,31,55,4.56,,4.581081081,,4.666666667,,8.402439024,46,14,0.390243902,0,0,,0.036585366,0.182926829,0.195121951,0.195121951,0.280487805,0.109756098,0,0,0,0,0.451219512,0.536585366,0.414634146,0.365853659,0.06097561,0.158536585,0,0.085365854,0.048780488,0.085365854,0.097560976,0.012195122,0,0.243902439,0.06097561,0.182926829,0.134146342,0,0,0.231707317,0.170731707,0.609756098,0.085365854,0,0,0,0.036585366,0,0,0,0,0,0,0.012195122,0,0.085365854,0.048780488,0.024390244,0.097560976,0.085365854,0.085365854,0.12195122,0.085365854,0.109756098,0.024390244,0.085365854,0.170731707,0.036585366,0.024390244,0.024390244,0,0,0,0,0,0,0.024390244,0,0.012195122,0.024390244,0.097560976,0.243902439,0.12195122,0.012195122,0,0.06097561,0,0.012195122,0.06097561,0.024390244,0,0.036585366,0,0.024390244,0.036585366,0.06097561,0.024390244,0.012195122,0,0,0,0.024390244,0.012195122,0,0,0,0,0,0.024390244,0,0,0,0,0,0,0.024390244
石川県,チサンバジェット金沢駅前,206,3,4,-0.25,14,34,4.136363636,1.333333333,4.176100629,2.666666667,4.432989691,4,7.305825243,65,64,0.004854369,1,1,0,0.009708738,0.121359223,0.194174757,0.208737864,0.349514563,0.101941748,0.014563107,0,0,0,0.59223301,0.383495146,0.36407767,0.276699029,0.131067961,0.223300971,0.004854369,0.451456311,0.048543689,0.072815534,0.087378641,0.024271845,0,0.033980583,0.208737864,0,0.004854369,0,0,0.077669903,0.063106796,0.368932039,0.033980583,0,0,0,0.024271845,0,0,0,0,0,0,0.004854369,0,0.427184466,0.024271845,0.033980583,0.09223301,0.101941748,0.131067961,0.09223301,0.097087379,0.106796117,0.082524272,0.111650485,0.082524272,0.019417476,0.024271845,0.019417476,0,0,0.004854369,0.014563107,0.004854369,0.009708738,0.019417476,0,0.004854369,0.038834951,0.053398058,0.165048544,0.087378641,0.048543689,0.024271845,0.058252427,0.014563107,0,0.029126214,0,0.014563107,0.048543689,0.004854369,0.004854369,0.058252427,0.101941748,0.019417476,0.014563107,0.004854369,0.004854369,0.004854369,0.009708738,0.033980583,0,0,0.014563107,0.004854369,0,0.014563107,0.009708738,0.009708738,0.019417476,0,0,0.004854369,0
石川県,トリフィートホテル&ポッド金沢百万石通,100,1,0,,27,43,4.404255319,4,4.467391304,5,4.571428571,5,8.49,53,9,0.44,1,0,1,0,0.12,0.18,0.14,0.4,0.15,0.01,0,0,0,0.5,0.5,0.43,0.35,0.07,0.15,0,0.58,0.01,0.17,0.06,0,0,0.02,0.05,0,0.02,0,0,0.13,0.11,0.61,0.1,0,0,0,0.01,0,0,0,0,0,0,0.01,0,0.16,0.07,0.06,0.04,0.13,0.11,0.07,0.08,0.08,0.09,0.03,0.07,0.08,0.09,0.01,0,0,0,0.01,0,0,0.04,0.01,0.01,0.03,0.04,0.21,0.08,0,0.02,0.05,0.03,0.01,0.04,0,0,0.14,0.01,0,0.03,0.11,0.05,0,0,0,0,0,0,0.01,0,0,0,0,0.03,0,0.01,0.02,0,0,0,0
石川県,金沢東急ホテル,31,1,3,-0.666666667,66,44,4.548387097,5,4.548387097,4,4.619047619,5,8.419354839,15,4,0.35483871,0,0,0,0,0.161290323,0.129032258,0.258064516,0.35483871,0.096774194,0,0,0,0,0.387096774,0.548387097,0.548387097,0.290322581,0.064516129,0,0.096774194,0.064516129,0.064516129,0.129032258,0.35483871,0,0,0.193548387,0,0.064516129,0.032258065,0,0,0.35483871,0.064516129,0.741935484,0.161290323,0,0,0,0,0,0,0,0,0,0,0.064516129,0,0,0,0.032258065,0.064516129,0.064516129,0.129032258,0.064516129,0.096774194,0.096774194,0.064516129,0.032258065,0.225806452,0.064516129,0.064516129,0.032258065,0,0,0,0,0,0,0.032258065,0,0,0,0,0.129032258,0.129032258,0,0,0.387096774,0,0,0.032258065,0.032258065,0,0.032258065,0.032258065,0.032258065,0.032258065,0.032258065,0.064516129,0,0,0,0,0,0,0,0,0,0,0,0,0,0,0,0,0,0,0
石川県,KOKOHOTEL Premier 金沢香林坊,595,10,5,1,4,22,4.467532468,4.1,4.47601476,4.1,4.557377049,4.2,8.4,318,70,0.416806723,3,3,0,0.003361345,0.171428571,0.134453782,0.191596639,0.28907563,0.179831933,0.028571429,0.001680672,0,0,0.507563025,0.485714286,0.418487395,0.329411765,0.119327731,0.131092437,0.001680672,0.255462185,0.151260504,0.08907563,0.267226891,0.008403361,0,0.047058824,0.072268908,0.025210084,0.006722689,0,0.005042017,0.179831933,0.070588235,0.605042017,0.063865546,0,0,0,0.035294118,0,0,0,0,0,0,0.016806723,0,0.2,0.026890756,0.023529412,0.070588235,0.090756303,0.105882353,0.119327731,0.100840336,0.092436975,0.055462185,0.055462185,0.107563025,0.082352941,0.068907563,0.025210084,0.003361345,0.001680672,0.010084034,0.003361345,0.003361345,0.006722689,0.018487395,0.013445378,0.010084034,0.02184874,0.045378151,0.16302521,0.084033613,0.020168067,0.028571429,0.047058824,0.025210084,0.006722689,0.016806723,0.018487395,0.025210084,0.08907563,0.011764706,0.028571429,0.042016807,0.087394958,0.047058824,0.006722689,0.005042017,0.008403361,0.001680672,0.008403361,0.010084034,0.001680672,0.003361345,0.003361345,0.003361345,0.003361345,0.02184874,0.001680672,0.005042017,0.001680672,0.001680672,0.003361345,0,0.005042017
石川県,ホテルウィングインターナショナルプレミアム金沢駅前,191,0,0,,15,56,4.454022989,,4.416666667,,4.511450382,,8.22513089,86,23,0.329842932,0,0,,0,0.188481675,0.267015707,0.146596859,0.287958115,0.094240838,0.015706806,0,0,0,0.460732984,0.513089005,0.476439791,0.277486911,0.104712042,0.115183246,0.02617801,0.314136126,0.146596859,0.083769634,0.209424084,0.005235602,0,0.047120419,0.083769634,0.062827225,0,0,0,0.172774869,0.062827225,0.54973822,0.062827225,0,0,0,0.047120419,0,0,0,0,0,0,0.010471204,0,0.209424084,0,0.031413613,0.020942408,0.104712042,0.130890052,0.141361257,0.089005236,0.109947644,0.057591623,0.057591623,0.146596859,0.041884817,0.068062827,0.010471204,0,0,0.010471204,0,0.005235602,0.005235602,0.010471204,0.010471204,0.010471204,0.062827225,0.02617801,0.19895288,0.073298429,0.031413613,0.057591623,0.052356021,0,0,0.015706806,0.031413613,0.020942408,0.083769634,0.010471204,0.031413613,0.041884817,0.083769634,0.047120419,0.015706806,0.005235602,0,0,0,0.010471204,0,0,0,0.005235602,0.005235602,0.02617801,0,0,0,0,0,0,0
石川県,石川県森林公園三国山キャンプ場,38,1,0,,56,45,4.684210526,4,4.783783784,5,4.631578947,5,9.078947368,29,2,0.710526316,1,0,1,0,0.052631579,0.131578947,0.236842105,0.342105263,0.236842105,0,0,0,0,0.789473684,0.210526316,0.868421053,0.131578947,0,0,0,0.684210526,0.052631579,0,0.105263158,0,0,0.026315789,0,0.052631579,0.052631579,0,0,0.157894737,0.052631579,0.078947368,0.052631579,0,0,0,0,0,0,0,0,0,0,0,0,0,0.026315789,0.026315789,0.052631579,0.157894737,0.210526316,0.078947368,0.026315789,0.131578947,0.078947368,0.131578947,0.026315789,0.026315789,0.026315789,0,0,0,0,0,0,0,0,0,0,0.026315789,0,0,0,0,0.210526316,0.684210526,0.026315789,0,0,0,0,0,0.026315789,0,0,0.026315789,0,0,0,0,0,0,0,0,0,0,0,0,0,0,0,0,0,0,0,0
石川県,アパホテル〈金沢駅前〉,33,1,0,,63,46,4.518518519,4,4.333333333,4,4.483870968,4,8.181818182,15,5,0.303030303,1,0,1,0,0.121212121,0.212121212,0.090909091,0.393939394,0.151515152,0.03030303,0,0,0,0.424242424,0.575757576,0.454545455,0.242424242,0.121212121,0.151515152,0.03030303,0.424242424,0.090909091,0.151515152,0.121212121,0.03030303,0,0.03030303,0.090909091,0,0,0,0,0.212121212,0.090909091,0.636363636,0,0,0,0,0.03030303,0,0,0,0,0,0,0.03030303,0,0.181818182,0.03030303,0.03030303,0.151515152,0.151515152,0.121212121,0.090909091,0.181818182,0.03030303,0.03030303,0.090909091,0,0.060606061,0.03030303,0,0,0,0,0,0,0.060606061,0,0,0,0.060606061,0,0.212121212,0.060606061,0,0.03030303,0.090909091,0,0,0,0.03030303,0,0.212121212,0,0,0,0.121212121,0.03030303,0,0,0.03030303,0.03030303,0,0,0,0,0,0,0,0.03030303,0,0,0,0,0,0,0
石川県,尾山神社,372,35,32,0.09375,8,8,4.487804878,4.257142857,4.476744186,4.485714286,4.64265928,4.714285714,8.454301075,190,41,0.400537634,22,1,0.6,0.008064516,0.096774194,0.161290323,0.204301075,0.325268817,0.172043011,0.029569892,0.002688172,0,0,0.319892473,0.666666667,0.38172043,0.349462366,0.086021505,0.069892473,0.112903226,0.188172043,0.059139785,0.147849462,0.274193548,0.010752688,0,0.134408602,0.016129032,0.048387097,0.010752688,0,0,0.126344086,0.161290323,0.672043011,0.088709677,0,0,0,0.021505376,0,0,0,0,0,0,0.024193548,0,0.059139785,0.045698925,0.051075269,0.053763441,0.094086022,0.155913979,0.120967742,0.069892473,0.080645161,0.059139785,0.048387097,0.120967742,0.053763441,0.045698925,0.01344086,0.005376344,0.002688172,0.002688172,0.005376344,0.002688172,0.002688172,0.016129032,0.010752688,0.01344086,0.067204301,0.034946237,0.196236559,0.088709677,0.021505376,0.016129032,0.056451613,0.010752688,0.002688172,0.018817204,0.01344086,0.029569892,0.083333333,0.010752688,0.024193548,0.034946237,0.077956989,0.051075269,0.016129032,0,0.005376344,0,0.008064516,0.002688172,0,0,0.008064516,0.005376344,0,0.021505376,0.002688172,0.005376344,0.008064516,0,0.002688172,0,0
石川県,安江金箔工芸館,31,4,0,,67,31,4.384615385,4.5,4.5,4.75,4.548387097,4.75,8.322580645,17,4,0.419354839,2,0,0.5,0,0.258064516,0.161290323,0.161290323,0.290322581,0.064516129,0.064516129,0,0,0,0.322580645,0.64516129,0.258064516,0.451612903,0.161290323,0.064516129,0.064516129,0.096774194,0.096774194,0.225806452,0.35483871,0,0,0.129032258,0,0,0,0,0,0.129032258,0.064516129,0.612903226,0.032258065,0,0,0,0.064516129,0,0,0,0,0,0,0,0,0,0,0.129032258,0.096774194,0.064516129,0.129032258,0.096774194,0.096774194,0.161290323,0.096774194,0.032258065,0.064516129,0.032258065,0,0,0,0,0.032258065,0.032258065,0,0,0,0,0,0.064516129,0.161290323,0.161290323,0.129032258,0.032258065,0,0.032258065,0,0,0,0,0,0.032258065,0.032258065,0,0.032258065,0.161290323,0.064516129,0,0,0,0,0.032258065,0,0,0,0,0,0,0,0,0,0,0,0,0,0
石川県,スーパーホテルPremier金沢駅東口,117,6,11,-0.454545455,23,27,4.52293578,2.833333333,4.514018692,2.833333333,4.522123894,3.666666667,8.222222222,58,16,0.358974359,2,1,0.166666667,0.025641026,0.153846154,0.162393162,0.239316239,0.222222222,0.170940171,0.017094017,0.008547009,0,0,0.418803419,0.564102564,0.435897436,0.401709402,0.111111111,0.051282051,0,0.205128205,0.042735043,0.094017094,0.188034188,0.008547009,0,0.076923077,0.145299145,0.051282051,0.05982906,0,0,0.162393162,0.247863248,0.547008547,0.085470085,0,0,0,0.025641026,0,0,0,0,0,0,0.025641026,0,0.247863248,0.025641026,0.051282051,0.042735043,0.102564103,0.111111111,0.196581197,0.094017094,0.076923077,0.076923077,0.051282051,0.102564103,0.034188034,0.034188034,0.017094017,0,0.008547009,0.008547009,0,0,0,0.008547009,0.025641026,0.008547009,0.05982906,0.05982906,0.17948718,0.042735043,0.017094017,0.025641026,0.008547009,0.008547009,0,0.025641026,0.017094017,0.051282051,0.085470085,0.008547009,0.008547009,0.051282051,0.085470085,0.05982906,0.025641026,0.008547009,0,0,0,0,0,0,0.017094017,0,0,0.017094017,0.017094017,0,0.017094017,0.008547009,0,0.017094017,0
石川県,ＨＯＴＥＬ金沢　兼六荘,72,0,0,,35,57,4.46875,,4.390625,,4.426470588,,7.541666667,25,18,0.097222222,0,0,,0,0.083333333,0.138888889,0.097222222,0.277777778,0.319444444,0.083333333,0,0,0,0.527777778,0.458333333,0.388888889,0.319444444,0.138888889,0.138888889,0.013888889,0.222222222,0.013888889,0.027777778,0.402777778,0.013888889,0,0.069444444,0.069444444,0.013888889,0.041666667,0,0,0.138888889,0.027777778,0.486111111,0.083333333,0,0,0,0.027777778,0,0,0,0,0,0,0.013888889,0,0.166666667,0.027777778,0.027777778,0.138888889,0.194444444,0.111111111,0.083333333,0.069444444,0.055555556,0.055555556,0.069444444,0.097222222,0.041666667,0.027777778,0,0.013888889,0,0.013888889,0,0.041666667,0.013888889,0,0.013888889,0,0,0.027777778,0.166666667,0.041666667,0.013888889,0.027777778,0.027777778,0,0,0.027777778,0.027777778,0.055555556,0.138888889,0.013888889,0.013888889,0.013888889,0.097222222,0.069444444,0.027777778,0.013888889,0,0,0.027777778,0.027777778,0,0,0,0.027777778,0,0,0,0,0,0,0,0.013888889,0
石川県,金沢マンテンホテル駅前,47,0,0,,50,58,4.35,,4.404761905,,4.456521739,,7.85106383,13,7,0.127659575,0,0,,0.021276596,0.127659575,0.106382979,0.106382979,0.382978723,0.234042553,0.021276596,0,0,0,0.446808511,0.531914894,0.489361702,0.340425532,0.106382979,0.063829787,0,0.319148936,0.127659575,0.106382979,0.234042553,0,0,0.063829787,0.063829787,0.042553191,0,0,0,0.14893617,0.234042553,0.468085106,0.085106383,0,0,0,0.085106383,0,0,0,0,0,0,0,0,0.255319149,0.042553191,0.021276596,0.042553191,0.021276596,0.191489362,0.106382979,0.127659575,0.021276596,0.063829787,0.106382979,0.170212766,0.042553191,0.042553191,0.063829787,0,0,0,0,0,0,0.042553191,0,0,0.042553191,0.085106383,0.14893617,0.085106383,0.021276596,0,0.063829787,0,0,0.063829787,0.021276596,0,0.127659575,0,0,0.042553191,0.106382979,0,0.021276596,0,0,0,0.021276596,0,0,0,0,0,0,0,0,0,0.021276596,0,0,0.021276596,0
石川県,ホテルマイステイズ金沢キャッスル,60,0,0,,41,59,4.283018868,,4.296296296,,4.543859649,,7.633333333,22,16,0.1,0,0,,0.033333333,0.333333333,0.216666667,0.133333333,0.2,0.083333333,0,0,0,0,0.266666667,0.7,0.433333333,0.45,0.083333333,0.033333333,0,0.066666667,0.2,0.2,0.25,0.033333333,0,0.066666667,0.066666667,0.066666667,0.033333333,0,0,0.15,0.05,0.65,0,0,0,0,0.033333333,0,0,0,0,0,0,0.016666667,0,0.116666667,0.066666667,0.066666667,0.1,0.116666667,0.116666667,0.183333333,0.033333333,0.116666667,0.016666667,0.05,0.066666667,0.016666667,0.05,0,0,0,0,0,0,0,0.016666667,0,0,0.116666667,0.05,0.183333333,0.033333333,0.033333333,0.066666667,0.016666667,0,0,0,0,0,0.1,0.016666667,0.016666667,0.033333333,0.083333333,0.083333333,0.033333333,0,0.016666667,0,0,0.016666667,0,0,0,0.016666667,0,0,0,0,0.016666667,0,0.016666667,0.033333333,0
石川県,金沢蓄音器館,41,7,2,2.5,54,26,4.634146341,4.428571429,4.6,4.428571429,4.675,3.857142857,9.024390244,27,1,0.634146342,3,0,0.428571429,0.024390244,0.146341463,0.268292683,0.146341463,0.292682927,0.097560976,0.024390244,0,0,0,0.43902439,0.536585366,0.219512195,0.268292683,0.243902439,0.073170732,0.195121951,0.292682927,0.048780488,0.097560976,0.292682927,0,0,0.073170732,0,0.073170732,0,0,0,0.170731707,0.12195122,0.707317073,0.097560976,0,0,0,0.048780488,0,0,0,0,0,0,0,0,0.024390244,0.048780488,0.024390244,0.097560976,0.097560976,0.219512195,0.170731707,0.097560976,0.073170732,0.024390244,0.024390244,0.073170732,0.048780488,0,0.048780488,0,0,0,0,0,0,0.024390244,0,0.024390244,0.073170732,0.048780488,0.195121951,0.073170732,0,0.024390244,0.073170732,0.097560976,0,0.024390244,0,0.048780488,0.024390244,0.073170732,0,0.024390244,0.024390244,0.024390244,0.024390244,0,0,0.024390244,0,0.024390244,0,0,0,0,0,0,0,0,0,0,0,0,0
石川県,石川県観光物産館,69,27,0,,36,12,4.53125,4.37037037,4.492307692,4.518518519,4.606060606,4.444444444,8.536231884,36,5,0.449275362,16,0,0.592592593,0.057971014,0.115942029,0.202898551,0.260869565,0.202898551,0.130434783,0.028985507,0,0,0,0.231884058,0.739130435,0.391304348,0.304347826,0.115942029,0.072463768,0.115942029,0.028985507,0.043478261,0.173913044,0.101449275,0,0,0.217391304,0.014492754,0.15942029,0.014492754,0.014492754,0,0.130434783,0.217391304,0.724637681,0.101449275,0,0,0,0.014492754,0,0,0,0,0,0,0.057971014,0,0.028985507,0.057971014,0,0.057971014,0.115942029,0.130434783,0.130434783,0.072463768,0.043478261,0.057971014,0.115942029,0.115942029,0,0.101449275,0,0,0,0,0,0.014492754,0,0,0.014492754,0,0.101449275,0.072463768,0.173913044,0.014492754,0,0.043478261,0.043478261,0.043478261,0,0.086956522,0.028985507,0.014492754,0.028985507,0,0,0.028985507,0.057971014,0.101449275,0,0,0,0,0.043478261,0.014492754,0,0,0,0.014492754,0,0.057971014,0,0,0,0,0,0,0
石川県,屋内木育施設 もりのひみつきち,68,4,4,0,37,32,4.532258065,4.25,4.515625,4.25,4.476190476,4.25,8.720588235,42,8,0.5,2,0,0.5,0,0.058823529,0.558823529,0.294117647,0.044117647,0.044117647,0,0,0,0,0.191176471,0.779411765,0.176470588,0.058823529,0.058823529,0.058823529,0.647058824,0.029411765,0,0.029411765,0,0,0,0.014705882,0,0.911764706,0,0,0,0.220588235,0.205882353,0.264705882,0.044117647,0,0,0,0,0,0,0,0,0,0,0.029411765,0,0,0.044117647,0.014705882,0.014705882,0.088235294,0.014705882,0.205882353,0.147058824,0.132352941,0.044117647,0.058823529,0.132352941,0.088235294,0.014705882,0,0,0,0,0,0,0,0,0,0,0,0,0.029411765,0.044117647,0,0.191176471,0.602941177,0.014705882,0,0.014705882,0.014705882,0,0,0,0.014705882,0,0.029411765,0.014705882,0.014705882,0,0,0,0,0,0,0,0,0,0,0.014705882,0,0,0,0,0,0,0
石川県,北陸自動車道　尼御前ＳＡ（下り）,41,1,1,0,55,47,4.382352941,5,4.424242424,4,4.558823529,4,7.804878049,16,6,0.243902439,0,0,0,0.024390244,0.146341463,0.268292683,0.146341463,0.317073171,0.073170732,0.024390244,0,0,0,0.219512195,0.707317073,0.365853659,0.243902439,0.146341463,0.097560976,0.146341463,0.12195122,0.073170732,0.024390244,0.243902439,0.024390244,0,0.073170732,0.048780488,0.170731707,0.073170732,0,0,0.170731707,0.243902439,0.463414634,0.024390244,0,0,0,0.024390244,0,0,0,0,0,0,0.12195122,0,0.073170732,0,0.048780488,0,0.195121951,0.146341463,0.12195122,0.073170732,0,0.073170732,0.073170732,0.219512195,0.024390244,0.024390244,0.024390244,0,0,0,0,0,0,0,0,0.024390244,0.048780488,0,0.024390244,0.024390244,0,0.146341463,0.024390244,0.097560976,0,0,0,0.024390244,0.073170732,0.048780488,0.097560976,0.024390244,0.170731707,0.097560976,0.024390244,0,0,0,0,0,0,0,0,0.024390244,0,0,0,0,0,0,0,0,0
石川県,金沢港クルーズターミナル,38,15,23,-0.347826087,57,17,4.103448276,2.4,4.342857143,3.8,4.542857143,3.733333333,7.421052632,10,10,0,4,5,-0.066666667,0,0.078947368,0.184210526,0.210526316,0.368421053,0.131578947,0.026315789,0,0,0,0.368421053,0.631578947,0.157894737,0.263157895,0.105263158,0.105263158,0.368421053,0.131578947,0.052631579,0.078947368,0.289473684,0,0,0.026315789,0.026315789,0.157894737,0,0,0,0.105263158,0.078947368,0.447368421,0.052631579,0,0,0,0.105263158,0,0,0,0,0,0,0.105263158,0,0.026315789,0.078947368,0.026315789,0.131578947,0.105263158,0.105263158,0.131578947,0.131578947,0.026315789,0.026315789,0.078947368,0.105263158,0.026315789,0.026315789,0,0,0,0,0,0,0,0,0,0.052631579,0,0.026315789,0.078947368,0.105263158,0.052631579,0.131578947,0.263157895,0.026315789,0,0.026315789,0.078947368,0,0.052631579,0,0,0.026315789,0.026315789,0,0,0.026315789,0,0,0,0,0,0,0,0,0,0,0,0.026315789,0,0,0,0,0
石川県,小松空港,853,118,74,0.594594595,3,1,4.142164782,3.355932203,4.1453125,3.389830508,4.55704698,4.161016949,7.914419695,338,171,0.195779601,46,20,0.220338983,0.008206331,0.141852286,0.19109027,0.202813599,0.256740914,0.167643611,0.028135991,0.003516999,0,0,0.464243845,0.500586167,0.255568582,0.368112544,0.138335287,0.135990621,0.101992966,0.221570926,0.060961313,0.098475967,0.237983587,0.028135991,0.001172333,0.094958968,0.063305979,0.101992966,0.018757327,0,0.001172333,0.145369285,0.234466589,0.525205158,0.065650645,0,0,0,0.050410317,0,0,0,0,0,0,0.036342321,0,0.126611958,0.036342321,0.035169988,0.057444314,0.080890973,0.100820633,0.124267292,0.076201641,0.080890973,0.083235639,0.07971864,0.120750293,0.060961313,0.063305979,0.077373974,0.003516999,0,0.002344666,0.002344666,0,0,0.015240328,0.007033998,0,0.042203986,0.078546307,0.247362251,0.158264947,0,0.042203986,0.09144197,0.062133646,0.003516999,0.002344666,0.003516999,0.007033998,0.002344666,0.002344666,0,0.003516999,0.007033998,0.001172333,0.001172333,0,0,0.001172333,0,0,0.002344666,0.001172333,0,0.003516999,0.001172333,0.05978898,0.014067995,0.008206331,0.010550996,0,0.002344666,0.007033998,0.024618992
石川県,ふれあい昆虫館,412,24,13,0.846153846,6,14,4.544529262,4.333333333,4.576530612,4.208333333,4.595238095,4.333333333,8.475728155,219,48,0.415048544,11,6,0.208333333,0.002427184,0.077669903,0.427184466,0.339805825,0.11407767,0.031553398,0.007281553,0,0,0,0.378640777,0.59223301,0.15776699,0.11407767,0.048543689,0.058252427,0.621359223,0.033980583,0.026699029,0.019417476,0.048543689,0.002427184,0,0.033980583,0.002427184,0.742718447,0.053398058,0,0,0.099514563,0.152912621,0.259708738,0.097087379,0,0,0,0.046116505,0,0,0,0,0,0,0.04368932,0,0.009708738,0.029126214,0.024271845,0.053398058,0.101941748,0.111650485,0.172330097,0.116504854,0.09223301,0.094660194,0.072815534,0.072815534,0.024271845,0.033980583,0.004854369,0.002427184,0,0.002427184,0,0,0.007281553,0,0,0.007281553,0.012135922,0.016990291,0.038834951,0.024271845,0.004854369,0.106796117,0.54368932,0.075242718,0,0.012135922,0.019417476,0.009708738,0.038834951,0.002427184,0.014563107,0.004854369,0.02184466,0.016990291,0.002427184,0,0,0,0,0.002427184,0,0.002427184,0,0,0,0.002427184,0,0,0,0,0,0,0.002427184
石川県,いしかわ動物園,282,9,9,0,10,23,4.419354839,4.222222222,4.484962406,4.222222222,4.519230769,4.555555556,8.673758865,161,22,0.492907801,5,0,0.555555556,0.007092199,0.106382979,0.368794326,0.29787234,0.095744681,0.081560284,0.039007092,0.003546099,0,0,0.393617021,0.592198582,0.24822695,0.131205674,0.024822695,0.053191489,0.542553192,0.067375887,0.102836879,0.039007092,0.102836879,0.003546099,0.003546099,0.056737589,0.007092199,0.521276596,0.060283688,0,0,0.117021277,0.19858156,0.287234043,0.042553191,0,0,0,0.014184397,0,0,0,0,0,0,0.028368794,0,0.014184397,0.039007092,0.067375887,0.070921986,0.124113475,0.15248227,0.14893617,0.074468085,0.085106383,0.063829787,0.060283688,0.063829787,0.021276596,0.028368794,0.007092199,0,0,0.003546099,0,0,0,0.007092199,0,0.007092199,0.017730496,0.010638298,0.04964539,0.031914894,0.014184397,0.109929078,0.421985816,0.120567376,0,0.003546099,0.021276596,0.007092199,0.046099291,0.010638298,0.014184397,0.010638298,0.046099291,0.024822695,0,0,0,0,0,0,0,0,0.003546099,0.003546099,0,0.003546099,0,0,0,0.003546099,0,0,0
石川県,航空プラザ,133,47,10,3.7,22,5,4.566666667,4.212765957,4.612903226,4.531914894,4.6,4.319148936,8.473684211,73,15,0.436090226,28,4,0.510638298,0.015037594,0.105263158,0.368421053,0.308270677,0.135338346,0.067669173,0,0,0,0,0.323308271,0.639097744,0.263157895,0.22556391,0.097744361,0.07518797,0.338345865,0.045112782,0.030075188,0.052631579,0.082706767,0.015037594,0.007518797,0.090225564,0,0.631578947,0.015037594,0,0,0.187969925,0.255639098,0.353383459,0.030075188,0,0,0,0.052631579,0,0,0,0,0,0,0.045112782,0,0.015037594,0.037593985,0.037593985,0.060150376,0.105263158,0.090225564,0.165413534,0.097744361,0.120300752,0.037593985,0.060150376,0.037593985,0.090225564,0.060150376,0.007518797,0,0,0,0,0,0.007518797,0.007518797,0.015037594,0.015037594,0,0.015037594,0.052631579,0.07518797,0.007518797,0.090225564,0.248120301,0.120300752,0.007518797,0.022556391,0.022556391,0.007518797,0.007518797,0.030075188,0.037593985,0.037593985,0.112781955,0.030075188,0,0,0.007518797,0,0,0.007518797,0,0,0,0,0,0,0,0,0,0,0.007518797,0,0
石川県,日本自動車博物館,43,19,6,2.166666667,53,15,4.421052632,3.842105263,4.414634146,4.263157895,4.58974359,4.526315789,8.348837209,21,6,0.348837209,8,4,0.210526316,0.046511628,0.046511628,0.279069767,0.255813954,0.348837209,0.023255814,0,0,0,0,0.372093023,0.627906977,0.302325581,0.302325581,0.046511628,0.069767442,0.279069767,0.093023256,0.069767442,0.023255814,0.11627907,0.046511628,0,0.093023256,0.046511628,0.302325581,0.023255814,0,0,0.23255814,0.325581395,0.465116279,0.023255814,0,0,0,0.046511628,0,0,0,0,0,0,0.139534884,0,0.046511628,0.069767442,0.046511628,0.023255814,0.093023256,0.093023256,0.11627907,0.093023256,0.093023256,0.139534884,0.139534884,0.046511628,0,0.046511628,0,0,0,0,0.023255814,0,0,0.023255814,0,0.023255814,0.023255814,0.093023256,0.069767442,0.023255814,0,0.023255814,0.139534884,0.11627907,0,0,0,0.046511628,0.093023256,0.046511628,0.023255814,0.023255814,0.069767442,0.069767442,0,0,0,0,0,0.023255814,0,0,0,0,0,0.046511628,0,0,0,0,0,0,0
石川県,「安宅の関」こまつ勧進帳の里,75,6,2,2,34,28,4.2,4.166666667,4.292307692,4.166666667,4.380952381,4.666666667,7.72,29,19,0.133333333,4,1,0.5,0,0.08,0.146666667,0.226666667,0.373333333,0.146666667,0.026666667,0,0,0,0.333333333,0.653333333,0.333333333,0.173333333,0.04,0.106666667,0.346666667,0.106666667,0.013333333,0.12,0.266666667,0,0,0.226666667,0.026666667,0.106666667,0.026666667,0,0,0.106666667,0.333333333,0.48,0.12,0,0,0,0.066666667,0,0,0,0,0,0,0.12,0,0.026666667,0.04,0.04,0.093333333,0.146666667,0.16,0.093333333,0.026666667,0.093333333,0.066666667,0.08,0.066666667,0.04,0.053333333,0,0,0,0,0,0,0.013333333,0.013333333,0,0,0.026666667,0.026666667,0.08,0.04,0.013333333,0.013333333,0.426666667,0.066666667,0,0.026666667,0,0,0.12,0.026666667,0.013333333,0,0.066666667,0.013333333,0,0,0,0,0,0,0,0,0,0,0,0,0,0.013333333,0,0,0,0,0
石川県,加賀伝統工芸村　ゆのくにの森,231,29,16,0.8125,12,11,4.484018265,4.620689655,4.474885845,4.586206897,4.596938776,4.689655172,8.138528139,106,38,0.294372294,16,3,0.448275862,0.064935065,0.142857143,0.242424242,0.272727273,0.147186147,0.095238095,0.03030303,0.004329004,0,0,0.385281385,0.584415584,0.476190476,0.246753247,0.056277056,0.060606061,0.16017316,0.017316017,0.03030303,0.112554113,0.16017316,0.017316017,0.004329004,0.173160173,0.004329004,0.316017316,0.03030303,0,0,0.363636364,0.480519481,0.441558442,0.064935065,0,0,0,0.025974026,0,0,0,0,0,0,0.012987013,0,0.004329004,0.043290043,0.043290043,0.051948052,0.090909091,0.12987013,0.086580087,0.134199134,0.095238095,0.051948052,0.077922078,0.095238095,0.047619048,0.051948052,0.008658009,0,0,0,0,0,0,0.034632035,0,0,0.017316017,0.038961039,0.090909091,0.034632035,0.017316017,0.095238095,0.116883117,0.03030303,0,0,0.043290043,0.008658009,0.121212121,0.038961039,0.038961039,0.03030303,0.082251082,0.073593074,0.038961039,0.021645022,0,0,0.004329004,0.004329004,0,0,0,0,0,0.008658009,0,0,0,0,0,0,0
石川県,小松市観光交流センター Komatsu九,219,16,2,7,13,16,4.409356725,4,4.389830508,4,4.532544379,4.5625,7.97716895,85,42,0.196347032,6,2,0.25,0.00456621,0.114155251,0.242009132,0.228310502,0.273972603,0.114155251,0.02283105,0,0,0,0.378995434,0.584474886,0.278538813,0.269406393,0.123287671,0.091324201,0.237442922,0.347031964,0.077625571,0.091324201,0.173515982,0.00913242,0,0.091324201,0.04109589,0.086757991,0.00913242,0,0,0.141552511,0.287671233,0.406392694,0.03196347,0,0,0,0.109589041,0,0,0,0,0,0,0.02283105,0,0.091324201,0.0456621,0.02739726,0.073059361,0.136986301,0.095890411,0.123287671,0.086757991,0.109589041,0.082191781,0.059360731,0.073059361,0.03196347,0.054794521,0.01826484,0,0,0,0,0.00456621,0,0.02283105,0.00913242,0,0.054794521,0.01826484,0.146118722,0.082191781,0.01369863,0.01826484,0.118721461,0.04109589,0.00456621,0.00913242,0.02739726,0.00456621,0.068493151,0.02283105,0.01826484,0.04109589,0.086757991,0.073059361,0.01369863,0,0,0,0.01826484,0.00456621,0,0.00456621,0,0.01369863,0.00456621,0.01369863,0.00456621,0,0,0,0.00456621,0,0.01369863
石川県,たちばな四季亭,185,3,0,,17,35,4.576687117,3,4.622754491,3,4.587412587,4.333333333,8.340540541,98,26,0.389189189,2,0,0.666666667,0,0.059459459,0.243243243,0.124324324,0.232432432,0.27027027,0.07027027,0,0,0,0.362162162,0.605405405,0.691891892,0.189189189,0.091891892,0.027027027,0,0.005405405,0.07027027,0.064864865,0.405405405,0,0.005405405,0.189189189,0.016216216,0.097297297,0.016216216,0,0,0.778378378,0.805405405,0.708108108,0.075675676,0,0,0,0,0,0,0,0,0,0,0.005405405,0,0.021621622,0.032432432,0.059459459,0.064864865,0.075675676,0.097297297,0.124324324,0.037837838,0.091891892,0.054054054,0.048648649,0.12972973,0.043243243,0.140540541,0.016216216,0,0,0,0,0,0,0.016216216,0,0,0.059459459,0,0.075675676,0.043243243,0.005405405,0.102702703,0.145945946,0.064864865,0,0.005405405,0.032432432,0.021621622,0.091891892,0,0.032432432,0.059459459,0.118918919,0.075675676,0.010810811,0.005405405,0,0,0,0.005405405,0,0,0.005405405,0,0,0,0,0,0,0,0,0.005405405,0
石川県,湖畔の宿　森本,62,1,3,-0.666666667,39,48,4.589285714,4,4.589285714,4,4.583333333,4,8.451612903,34,8,0.419354839,0,0,0,0,0.129032258,0.387096774,0.14516129,0.161290323,0.177419355,0,0,0,0,0.387096774,0.564516129,0.741935484,0.14516129,0.096774194,0.016129032,0,0.016129032,0.14516129,0.096774194,0.403225807,0,0,0.14516129,0.016129032,0.112903226,0,0,0,0.64516129,0.85483871,0.725806452,0.129032258,0,0,0,0,0,0,0,0,0,0,0.048387097,0,0.032258065,0.048387097,0.032258065,0.016129032,0.14516129,0.112903226,0.112903226,0.080645161,0.112903226,0.048387097,0.032258065,0.112903226,0.096774194,0.048387097,0,0.016129032,0,0.016129032,0,0,0,0.016129032,0,0.016129032,0.016129032,0.016129032,0.096774194,0.129032258,0.016129032,0.048387097,0.129032258,0.032258065,0,0.016129032,0,0,0.048387097,0,0.032258065,0.048387097,0.241935484,0.016129032,0.032258065,0,0,0,0,0,0,0.016129032,0,0,0,0,0,0,0,0,0,0,0
石川県,ゆのくに天祥,51,27,0,,47,13,4.425531915,3.888888889,4.489361702,4,4.574468085,4.333333333,8.549019608,25,4,0.411764706,11,4,0.259259259,0.039215686,0.196078431,0.274509804,0.274509804,0.156862745,0.039215686,0.019607843,0,0,0,0.450980392,0.549019608,0.568627451,0.294117647,0.058823529,0.058823529,0.019607843,0.019607843,0.019607843,0.058823529,0.196078431,0.019607843,0,0.156862745,0,0.392156863,0.039215686,0,0,0.666666667,0.862745098,0.509803922,0.058823529,0,0,0,0.019607843,0,0,0,0,0,0,0.019607843,0,0,0.019607843,0.019607843,0.078431373,0.039215686,0.117647059,0.098039216,0.078431373,0.196078431,0.098039216,0.078431373,0.117647059,0.039215686,0.019607843,0.039215686,0,0,0,0,0,0,0,0,0,0.019607843,0,0.254901961,0.039215686,0.019607843,0.058823529,0.058823529,0.019607843,0,0.019607843,0.039215686,0,0.098039216,0.019607843,0.039215686,0.039215686,0.098039216,0.039215686,0.019607843,0.058823529,0,0,0,0,0,0,0,0,0,0,0,0.019607843,0,0,0,0,0
石川県,変なホテル　小松駅前,53,3,2,0.5,44,36,4.444444444,5,4.590909091,5,4.384615385,5,8.528301887,28,4,0.452830189,3,0,1,0,0.094339623,0.188679245,0.339622642,0.245283019,0.094339623,0.018867925,0.018867925,0,0,0.716981132,0.20754717,0.566037736,0.20754717,0.056603774,0.169811321,0,0.377358491,0.056603774,0.056603774,0.075471698,0.018867925,0,0.037735849,0.188679245,0.075471698,0.018867925,0,0,0.094339623,0.018867925,0.188679245,0.018867925,0,0,0,0.075471698,0,0,0,0,0,0,0,0,0.452830189,0.018867925,0.018867925,0.037735849,0.037735849,0.094339623,0.188679245,0.094339623,0.037735849,0.113207547,0.056603774,0.188679245,0.075471698,0.037735849,0,0,0.018867925,0,0,0,0,0.018867925,0.056603774,0,0.037735849,0.056603774,0.094339623,0.094339623,0,0.056603774,0.056603774,0.056603774,0,0,0,0.018867925,0.056603774,0,0,0.132075472,0.075471698,0.075471698,0,0,0,0.018867925,0,0.018867925,0.018867925,0,0,0,0,0.018867925,0,0,0,0.018867925,0,0,0
石川県,温泉めい想倶楽部　富士屋旅館,81,0,0,,32,60,4.372881356,,4.271186441,,4.517241379,,7.320987654,24,26,-0.024691358,0,0,,0.012345679,0.185185185,0.271604938,0.135802469,0.222222222,0.12345679,0.024691358,0.024691358,0,0,0.419753086,0.580246914,0.641975309,0.271604938,0.061728395,0.024691358,0,0.024691358,0.172839506,0.098765432,0.320987654,0.049382716,0,0.12345679,0,0.135802469,0.024691358,0,0,0.567901235,0.839506173,0.703703704,0.074074074,0,0,0,0,0,0,0,0,0,0,0.012345679,0,0,0.024691358,0.024691358,0.049382716,0.098765432,0.172839506,0.172839506,0.098765432,0.049382716,0.061728395,0.111111111,0.074074074,0.024691358,0.037037037,0,0,0,0,0,0,0,0,0,0.012345679,0.049382716,0.061728395,0.098765432,0.037037037,0,0.037037037,0.172839506,0.037037037,0.012345679,0.024691358,0.061728395,0.012345679,0.086419753,0.037037037,0.012345679,0.024691358,0.111111111,0.074074074,0,0,0,0.012345679,0.012345679,0,0,0,0.012345679,0,0,0,0,0,0,0,0,0,0
石川県,白峰温泉総湯,33,2,0,,64,39,4.677419355,4.5,4.677419355,5,4.586206897,5,9.090909091,23,1,0.666666667,2,0,1,0,0.121212121,0.151515152,0.151515152,0.393939394,0.151515152,0.03030303,0,0,0,0.393939394,0.575757576,0.272727273,0.121212121,0.03030303,0.03030303,0.545454546,0.151515152,0.060606061,0.242424242,0.303030303,0.03030303,0,0.121212121,0,0.060606061,0,0,0,0.121212121,0.818181818,0.424242424,0.03030303,0,0,0,0.03030303,0,0,0,0,0,0,0.03030303,0,0.03030303,0.060606061,0.03030303,0.090909091,0.151515152,0.121212121,0.121212121,0.121212121,0.090909091,0.090909091,0,0.03030303,0.060606061,0.03030303,0.03030303,0,0,0,0,0,0,0.03030303,0,0.03030303,0,0,0.03030303,0.03030303,0,0,0.212121212,0.272727273,0,0.03030303,0.03030303,0,0.090909091,0,0.03030303,0,0.121212121,0.060606061,0,0,0,0,0,0,0,0,0,0,0,0,0,0,0,0,0,0,0
石川県,道の駅めぐみ白山,37,5,5,0,58,29,4.363636364,4.6,4.545454545,4,4.4375,4.8,8.027027027,20,8,0.324324324,3,1,0.4,0,0.162162162,0.081081081,0.351351351,0.189189189,0.189189189,0.027027027,0,0,0,0.27027027,0.648648649,0.27027027,0.243243243,0.081081081,0.216216216,0.189189189,0.243243243,0.081081081,0.027027027,0.351351351,0,0,0.054054054,0,0.162162162,0.054054054,0,0,0.081081081,0.216216216,0.405405405,0.027027027,0,0,0,0.243243243,0,0,0,0,0,0,0.162162162,0,0.081081081,0.054054054,0.027027027,0.162162162,0.135135135,0.108108108,0.027027027,0.162162162,0.081081081,0.054054054,0.081081081,0.081081081,0,0.027027027,0.054054054,0,0,0,0,0,0,0,0,0,0,0.027027027,0.135135135,0.027027027,0,0.081081081,0.081081081,0.054054054,0,0,0.054054054,0.027027027,0.108108108,0.027027027,0,0,0.081081081,0.081081081,0,0,0.027027027,0,0.054054054,0.054054054,0,0,0,0,0,0.027027027,0,0,0,0,0,0,0
石川県,よしのや依緑園,56,0,0,,43,61,4.450980392,,4.490566038,,4.547169811,,8.089285714,30,9,0.375,0,0,,0,0.071428571,0.107142857,0.267857143,0.142857143,0.267857143,0.142857143,0,0,0,0.375,0.571428571,0.785714286,0.142857143,0.053571429,0.017857143,0,0.142857143,0,0.071428571,0.357142857,0.017857143,0.017857143,0.125,0.017857143,0.125,0.089285714,0,0,0.678571429,0.803571429,0.5,0.017857143,0,0,0,0,0,0,0,0,0,0,0,0,0,0,0.107142857,0.089285714,0.125,0.071428571,0.071428571,0.089285714,0.125,0.125,0.053571429,0.053571429,0.035714286,0.053571429,0.017857143,0,0,0,0,0,0.017857143,0,0,0,0.017857143,0,0.035714286,0.017857143,0,0.035714286,0.107142857,0.071428571,0,0,0.071428571,0.017857143,0.071428571,0.017857143,0.053571429,0.035714286,0.25,0.071428571,0.035714286,0.017857143,0,0,0,0,0,0,0,0.017857143,0,0.017857143,0,0,0,0,0,0,0
石川県,月うさぎの里,36,1,2,-0.5,59,49,4.352941176,4,4.466666667,4,4.457142857,5,7.666666667,14,10,0.111111111,0,1,-1,0.027777778,0.111111111,0.416666667,0.166666667,0.166666667,0.111111111,0,0,0,0,0.277777778,0.694444444,0.555555556,0.111111111,0.138888889,0.055555556,0.138888889,0.055555556,0.083333333,0,0.25,0.027777778,0,0.055555556,0,0.388888889,0.083333333,0,0,0.444444444,0.527777778,0.444444444,0.083333333,0,0,0,0.027777778,0,0,0,0,0,0,0.083333333,0,0.027777778,0,0.027777778,0.027777778,0.138888889,0.222222222,0.194444444,0.083333333,0.055555556,0.027777778,0.111111111,0.055555556,0,0.055555556,0,0,0,0,0,0,0,0,0,0,0,0,0.111111111,0.027777778,0,0.027777778,0.111111111,0.055555556,0,0,0.138888889,0,0.111111111,0.083333333,0,0.027777778,0.166666667,0.055555556,0.055555556,0,0,0,0,0,0,0.027777778,0,0,0,0,0,0,0,0,0,0,0
石川県,山代温泉　総湯,53,1,0,,45,50,4.5625,0,4.574468085,0,4.538461538,4,8.377358491,24,5,0.358490566,0,0,0,0.018867925,0.132075472,0.226415094,0.150943396,0.283018868,0.113207547,0.075471698,0,0,0,0.377358491,0.58490566,0.471698113,0.301886793,0.056603774,0.094339623,0.075471698,0.169811321,0.132075472,0.018867925,0.226415094,0.018867925,0,0.113207547,0.018867925,0.150943396,0,0,0,0.490566038,0.830188679,0.679245283,0.037735849,0,0,0,0.018867925,0,0,0,0,0,0,0.018867925,0,0.037735849,0,0.037735849,0.150943396,0.113207547,0.075471698,0.094339623,0.056603774,0.094339623,0.075471698,0.094339623,0.094339623,0.056603774,0.056603774,0,0,0,0.018867925,0,0,0,0.018867925,0,0,0.075471698,0.094339623,0.113207547,0.113207547,0.037735849,0.018867925,0.018867925,0.037735849,0,0,0.094339623,0.018867925,0.132075472,0,0.037735849,0.018867925,0.056603774,0.037735849,0,0,0.018867925,0.018867925,0,0,0,0,0,0,0,0.018867925,0,0,0,0,0,0,0
石川県,ポイントバケーション加賀山中,188,14,11,0.272727273,16,19,4.385542169,3.285714286,4.408284024,3.785714286,4.392265193,3.857142857,8.026595745,83,29,0.287234043,4,3,0.071428571,0,0.021276596,0.053191489,0.04787234,0.20212766,0.521276596,0.154255319,0,0,0,0.494680851,0.436170213,0.260638298,0.45212766,0.186170213,0.10106383,0,0.026595745,0.005319149,0.053191489,0.606382979,0,0.010638298,0.085106383,0.005319149,0.095744681,0.021276596,0,0,0.510638298,0.771276596,0.569148936,0.117021277,0,0,0,0.021276596,0,0,0,0,0,0,0.058510638,0,0.005319149,0.04787234,0.031914894,0.069148936,0.063829787,0.20212766,0.122340426,0.090425532,0.085106383,0.053191489,0.063829787,0.122340426,0.015957447,0.031914894,0,0,0,0,0,0,0,0.005319149,0,0.005319149,0.026595745,0.037234043,0.058510638,0.053191489,0,0.010638298,0.021276596,0.015957447,0.005319149,0.015957447,0.026595745,0.010638298,0.111702128,0.037234043,0.074468085,0.085106383,0.218085106,0.095744681,0.037234043,0.005319149,0,0,0.010638298,0.021276596,0,0,0,0.005319149,0,0,0,0,0.005319149,0,0,0,0
石川県,湯快リゾート 縁起の宿 矢田屋松濤園,33,0,0,,65,62,4.606060606,,4.5625,,4.575757576,,9.03030303,21,0,0.636363636,0,0,,0,0.090909091,0.151515152,0.181818182,0.363636364,0.212121212,0,0,0,0,0.424242424,0.575757576,0.666666667,0.303030303,0.03030303,0,0,0.03030303,0,0,0.393939394,0,0,0.333333333,0,0.060606061,0,0,0,0.757575758,0.727272727,0.636363636,0.090909091,0,0,0,0.060606061,0,0,0,0,0,0,0,0,0,0,0,0,0.151515152,0.03030303,0.090909091,0.242424242,0.121212121,0.121212121,0.03030303,0.151515152,0.03030303,0.03030303,0,0,0,0.03030303,0,0,0,0,0,0,0,0,0.060606061,0.03030303,0.03030303,0.090909091,0.03030303,0.03030303,0,0,0,0,0.242424242,0,0,0,0.303030303,0.090909091,0.03030303,0.03030303,0,0,0,0,0,0,0,0,0,0,0,0,0,0,0,0,0
石川県,法師旅館,154,31,1,30,18,9,4.422222222,3.935483871,4.422222222,3.967741935,4.456375839,4.451612903,8.136363636,76,24,0.337662338,15,6,0.290322581,0.006493506,0.155844156,0.168831169,0.155844156,0.201298701,0.253246753,0.058441558,0,0,0,0.344155844,0.62987013,0.590909091,0.194805195,0.103896104,0.097402597,0.012987013,0.019480519,0.090909091,0.071428571,0.402597403,0.012987013,0.012987013,0.155844156,0.012987013,0.103896104,0.006493506,0,0,0.642857143,0.824675325,0.532467533,0.077922078,0,0,0,0.012987013,0,0,0,0,0,0,0.038961039,0,0.006493506,0.025974026,0.058441558,0.11038961,0.090909091,0.123376623,0.116883117,0.077922078,0.123376623,0.045454545,0.025974026,0.084415584,0.038961039,0.077922078,0.006493506,0,0,0.006493506,0,0,0.006493506,0.006493506,0,0.012987013,0.012987013,0.006493506,0.136363636,0.064935065,0.012987013,0.103896104,0.084415584,0.045454545,0,0,0.025974026,0.019480519,0.123376623,0.006493506,0.006493506,0.038961039,0.123376623,0.084415584,0.019480519,0,0.006493506,0,0.012987013,0,0.006493506,0,0.006493506,0,0.006493506,0,0,0,0,0,0,0,0.006493506
石川県,スーパーホテル石川・能美根上スマートインター,34,0,0,,62,63,4.7,,4.625,,4.515151515,,8.235294118,18,6,0.352941177,0,0,,0.029411765,0.029411765,0.176470588,0.117647059,0.470588235,0.117647059,0,0.058823529,0,0,0.441176471,0.558823529,0.470588235,0.294117647,0.088235294,0.147058824,0,0.205882353,0.088235294,0,0.264705882,0,0,0.117647059,0.088235294,0.088235294,0,0,0,0.147058824,0.176470588,0.235294118,0,0,0,0,0.029411765,0,0,0,0,0,0,0.088235294,0,0.323529412,0,0.088235294,0.029411765,0.029411765,0.235294118,0.147058824,0.147058824,0.029411765,0.117647059,0.029411765,0.058823529,0.029411765,0.058823529,0,0,0,0,0,0,0,0,0.058823529,0,0.029411765,0.058823529,0,0.058823529,0,0,0.088235294,0,0,0.029411765,0.029411765,0.058823529,0.176470588,0,0.088235294,0.058823529,0.147058824,0.088235294,0,0,0,0,0,0,0,0.029411765,0,0,0,0,0,0,0,0,0,0,0
石川県,お花見久兵衛,35,0,0,,60,64,4.4375,,4.5,,4.470588235,,8.028571429,19,7,0.342857143,0,0,,0,0.114285714,0.257142857,0.171428571,0.171428571,0.2,0.085714286,0,0,0,0.342857143,0.657142857,0.6,0.2,0.142857143,0,0.057142857,0.028571429,0.085714286,0.114285714,0.2,0,0,0.2,0,0.314285714,0.028571429,0,0,0.714285714,0.828571429,0.571428571,0.171428571,0,0,0,0,0,0,0,0,0,0,0,0,0,0,0.028571429,0.057142857,0.142857143,0.114285714,0.2,0.085714286,0.028571429,0.114285714,0.028571429,0.142857143,0.028571429,0.028571429,0,0,0,0.028571429,0,0,0,0,0,0,0,0.057142857,0.057142857,0.028571429,0,0.257142857,0.057142857,0.114285714,0,0,0.028571429,0.028571429,0.114285714,0,0.085714286,0.028571429,0.057142857,0.028571429,0,0,0,0.028571429,0,0,0,0,0,0,0,0,0,0,0,0,0,0,0
石川県,トレインパーク白山,150,114,36,2.166666667,19,2,4.492647059,4.043859649,4.450704225,4.219298246,4.531468531,4.271929825,8.1,64,19,0.3,47,15,0.280701754,0.026666667,0.093333333,0.4,0.28,0.113333333,0.073333333,0.013333333,0,0,0,0.48,0.506666667,0.173333333,0.18,0.106666667,0.193333333,0.346666667,0.06,0.04,0.02,0.06,0,0,0.066666667,0.013333333,0.686666667,0,0,0,0.093333333,0.126666667,0.34,0.026666667,0,0,0,0.06,0,0,0,0,0,0,0.046666667,0,0.026666667,0.02,0.026666667,0.046666667,0.086666667,0.106666667,0.153333333,0.146666667,0.093333333,0.093333333,0.073333333,0.06,0.02,0.073333333,0.006666667,0,0,0.013333333,0,0,0,0,0.013333333,0,0.046666667,0.033333333,0.146666667,0.066666667,0.006666667,0.113333333,0.193333333,0.08,0,0,0.02,0.006666667,0.073333333,0,0.013333333,0.013333333,0.066666667,0.053333333,0.013333333,0,0,0.013333333,0,0,0,0,0,0,0,0,0.006666667,0,0,0,0,0,0
石川県,のと里山空港,62,8,12,-0.333333333,40,25,4.18,3.5,4.24,3.75,4.666666667,4.375,8.344262295,30,9,0.338709677,3,1,0.25,0,0.193548387,0.209677419,0.241935484,0.225806452,0.112903226,0.016129032,0,0,0,0.435483871,0.516129032,0.209677419,0.322580645,0.112903226,0.258064516,0.096774194,0.209677419,0.064516129,0.209677419,0.241935484,0.048387097,0,0.048387097,0.032258065,0.080645161,0.016129032,0,0,0.14516129,0.241935484,0.564516129,0.064516129,0,0,0,0.14516129,0,0,0,0,0,0,0.016129032,0,0.096774194,0.048387097,0.016129032,0.112903226,0.064516129,0.080645161,0.129032258,0.096774194,0.032258065,0.048387097,0.080645161,0.177419355,0.064516129,0.048387097,0,0,0,0,0,0,0.016129032,0.016129032,0,0,0.096774194,0.032258065,0.483870968,0.14516129,0,0.016129032,0.064516129,0.016129032,0,0.016129032,0.016129032,0.016129032,0,0,0,0,0.048387097,0,0,0,0,0.016129032,0,0,0,0,0,0,0,0,0,0,0,0,0,0,0
石川県,能登食祭市場,106,3,2,0.5,25,37,4.494949495,4,4.5,4,4.333333333,4,8.283018868,61,20,0.386792453,1,1,0,0.018867925,0.245283019,0.20754717,0.075471698,0.188679245,0.216981132,0.047169811,0,0,0,0.405660377,0.58490566,0.254716981,0.330188679,0.066037736,0.028301887,0.320754717,0.056603774,0.160377359,0.198113208,0.301886793,0.028301887,0,0.113207547,0.009433962,0.056603774,0.037735849,0,0,0.198113208,0.386792453,0.641509434,0.066037736,0,0,0,0.066037736,0,0,0,0,0,0,0.075471698,0,0.018867925,0.094339623,0.047169811,0.122641509,0.132075472,0.094339623,0.08490566,0.047169811,0.094339623,0.075471698,0.066037736,0.066037736,0.037735849,0.037735849,0,0,0,0,0,0,0,0,0,0.009433962,0.037735849,0.047169811,0.169811321,0.08490566,0.009433962,0.150943396,0.141509434,0.037735849,0,0.018867925,0.009433962,0,0.056603774,0.009433962,0.009433962,0.018867925,0.132075472,0.009433962,0.009433962,0,0.028301887,0,0,0,0,0,0,0,0,0.009433962,0,0,0,0,0,0,0
石川県,加賀屋,44,0,0,,52,65,4.568181818,,4.477272727,,,,9.045454545,28,0,0.636363636,0,0,,0,0.090909091,0.159090909,0.318181818,0.181818182,0.181818182,0.068181818,0,0,0,0.386363636,0.590909091,0.5,0.340909091,0.068181818,0.090909091,0,0.022727273,0.136363636,0.136363636,0.25,0.022727273,0.022727273,0.181818182,0,0.113636364,0.022727273,0,0,0.636363636,0.795454546,0.727272727,0.090909091,0,0,0,0.022727273,0,0,0,0,0,0,0.068181818,0,0.022727273,0,0.022727273,0.068181818,0.159090909,0.136363636,0.090909091,0.113636364,0.113636364,0.068181818,0.045454545,0.113636364,0.022727273,0.045454545,0,0,0,0.022727273,0,0,0,0,0.045454545,0,0.045454545,0.022727273,0.136363636,0.045454545,0.022727273,0.045454545,0.113636364,0.045454545,0,0.113636364,0.068181818,0,0.068181818,0,0,0.022727273,0.068181818,0,0,0,0,0,0.045454545,0,0.022727273,0,0,0.022727273,0,0.022727273,0,0,0,0,0,0,0
石川県,千里浜レストハウス,106,49,7,6,26,3,4.387755102,4.387755102,4.412371134,4.408163265,4.602272727,4.530612245,8.405660377,55,16,0.367924528,30,7,0.469387755,0.047169811,0.122641509,0.150943396,0.160377359,0.311320755,0.169811321,0.037735849,0,0,0,0.405660377,0.58490566,0.283018868,0.339622642,0.113207547,0.122641509,0.141509434,0.122641509,0.103773585,0.122641509,0.245283019,0.037735849,0,0.113207547,0,0.103773585,0,0,0,0.150943396,0.330188679,0.518867925,0.056603774,0,0,0,0.094339623,0,0,0,0,0,0,0.179245283,0,0,0.066037736,0.056603774,0.047169811,0.141509434,0.08490566,0.08490566,0.160377359,0.094339623,0.056603774,0.066037736,0.037735849,0.018867925,0.08490566,0.009433962,0,0,0,0,0.009433962,0.009433962,0.047169811,0.018867925,0.018867925,0.066037736,0.037735849,0.141509434,0.094339623,0,0.047169811,0.094339623,0.009433962,0,0.047169811,0.009433962,0,0.056603774,0.009433962,0.047169811,0.037735849,0.08490566,0.056603774,0.018867925,0,0.009433962,0,0.009433962,0,0.009433962,0,0,0,0,0,0,0,0,0,0,0,0
石川県,道の駅のと千里浜,57,2,1,1,42,40,4.574074074,4,4.545454545,4,4.702702703,4,8.649122807,33,4,0.50877193,1,0,0.5,0.01754386,0.140350877,0.228070175,0.228070175,0.210526316,0.122807018,0.052631579,0,0,0,0.385964912,0.578947368,0.263157895,0.228070175,0.052631579,0.140350877,0.315789474,0.070175439,0.087719298,0.070175439,0.350877193,0,0.035087719,0.192982456,0.087719298,0.070175439,0,0,0,0.175438597,0.368421053,0.614035088,0.157894737,0,0,0,0.052631579,0,0,0,0,0,0,0.210526316,0,0.087719298,0.070175439,0.070175439,0.105263158,0.105263158,0.140350877,0.140350877,0.140350877,0.035087719,0.035087719,0.01754386,0.01754386,0.105263158,0.01754386,0.01754386,0,0,0,0.035087719,0,0,0.01754386,0,0.01754386,0.01754386,0.01754386,0.105263158,0.087719298,0.01754386,0.105263158,0.263157895,0.01754386,0,0,0,0,0.105263158,0.01754386,0,0.01754386,0.052631579,0.035087719,0.01754386,0,0,0,0,0,0,0,0,0,0,0.01754386,0,0,0,0.01754386,0,0,0
石川県,のとじま水族館,376,5,1,4,7,30,4.505747126,4.6,4.522346369,4.6,4.636363636,4.4,8.611702128,215,37,0.473404255,2,0,0.4,0.007978723,0.175531915,0.305851064,0.22606383,0.20212766,0.074468085,0.007978723,0,0,0,0.473404255,0.521276596,0.353723404,0.244680851,0.087765957,0.066489362,0.247340426,0.069148936,0.156914894,0.098404255,0.183510638,0.010638298,0,0.063829787,0.018617021,0.308510638,0.045212766,0,0,0.279255319,0.478723404,0.534574468,0.066489362,0,0,0,0.015957447,0,0,0,0,0,0,0.07712766,0,0.010638298,0.018617021,0.029255319,0.087765957,0.106382979,0.138297872,0.146276596,0.093085106,0.093085106,0.066489362,0.069148936,0.095744681,0.034574468,0.021276596,0.007978723,0,0,0.010638298,0,0,0.010638298,0.007978723,0,0.007978723,0.04787234,0.034574468,0.093085106,0.031914894,0.037234043,0.130319149,0.199468085,0.02393617,0.005319149,0.050531915,0.026595745,0.007978723,0.074468085,0.010638298,0.021276596,0.034574468,0.031914894,0.026595745,0.015957447,0.007978723,0.005319149,0,0.005319149,0.002659574,0,0.002659574,0.007978723,0,0,0.013297872,0,0,0.002659574,0,0.002659574,0,0
石川県,ランプの宿,48,0,0,,48,66,4.659090909,,4.622222222,,,,9.1875,35,2,0.6875,0,0,,0,0.125,0.125,0.041666667,0.270833333,0.333333333,0.083333333,0.020833333,0,0,0.416666667,0.583333333,0.3125,0.458333333,0.083333333,0.145833333,0,0.0625,0.166666667,0.104166667,0.479166667,0.0625,0,0.0625,0,0,0,0,0,0.645833333,0.791666667,0.6875,0.0625,0,0,0,0.020833333,0,0,0,0,0,0,0.020833333,0,0,0.041666667,0.041666667,0.145833333,0.0625,0.083333333,0.041666667,0.104166667,0.125,0.020833333,0.125,0.104166667,0.041666667,0.0625,0,0,0.020833333,0,0,0,0.0625,0,0.0625,0.020833333,0.020833333,0.0625,0.145833333,0.166666667,0,0.041666667,0.020833333,0,0.020833333,0.020833333,0.041666667,0,0.041666667,0,0,0.020833333,0.0625,0.020833333,0,0.020833333,0,0,0,0.0625,0.020833333,0,0,0.020833333,0,0,0,0,0,0,0.020833333,0,0
石川県,休暇村能登千里浜,35,0,0,,61,67,4.4375,,4.393939394,,4.37037037,,7.857142857,11,7,0.114285714,0,0,,0,0.028571429,0.142857143,0.171428571,0.171428571,0.342857143,0.142857143,0,0,0,0.457142857,0.514285714,0.542857143,0.228571429,0.142857143,0.085714286,0,0.085714286,0.028571429,0.057142857,0.371428571,0.028571429,0,0.142857143,0.028571429,0.057142857,0.057142857,0,0,0.571428571,0.542857143,0.514285714,0.028571429,0,0,0,0,0,0,0,0,0,0,0.028571429,0,0.085714286,0.028571429,0,0.057142857,0.257142857,0.171428571,0.057142857,0.085714286,0.085714286,0.114285714,0.057142857,0.085714286,0,0,0,0.028571429,0,0,0,0,0,0.057142857,0.057142857,0,0.085714286,0.028571429,0.142857143,0,0.057142857,0.057142857,0.171428571,0.028571429,0,0,0.028571429,0.028571429,0.057142857,0,0.028571429,0,0.057142857,0.057142857,0,0,0,0,0,0,0,0,0,0,0,0.028571429,0,0,0,0,0,0,0
石川県,コスモアイル羽咋,47,44,0,,51,6,4.577777778,4.363636364,4.6,4.409090909,4.6,4.386363636,8.659574468,28,5,0.489361702,27,4,0.522727273,0.042553191,0.14893617,0.106382979,0.276595745,0.382978723,0.042553191,0,0,0,0,0.553191489,0.425531915,0.361702128,0.276595745,0.085106383,0.106382979,0.170212766,0.127659575,0.021276596,0.063829787,0.212765957,0.042553191,0,0.106382979,0.021276596,0.255319149,0,0,0,0.14893617,0.106382979,0.212765957,0.021276596,0,0,0,0.063829787,0,0,0,0,0,0,0.085106383,0,0,0.085106383,0,0.042553191,0.085106383,0.042553191,0.106382979,0.042553191,0.234042553,0.042553191,0.042553191,0.14893617,0.042553191,0.085106383,0.021276596,0,0,0,0,0,0,0,0,0.063829787,0.063829787,0.063829787,0.106382979,0.042553191,0.021276596,0.063829787,0.127659575,0.106382979,0,0,0.063829787,0.042553191,0.063829787,0,0.021276596,0,0.042553191,0.085106383,0,0,0,0,0,0,0,0,0,0,0,0,0,0,0,0,0,0,0
