施設,全回答数,直近30日間の回答数,前の30日間の回答数,伸び率（対前月）,石川県の回答数順位,石川県の回答数順位(直近30日間),商品・サービス満足度,商品・サービス満足度(直近30日間),施設全体満足度,施設全体満足度(直近30日間),旅全体満足度,旅全体満足度(直近30日間),施設の推奨度,推奨者数,非推奨者数,NPS,推奨者数(直近30日間),非推奨者数(直近30日間),NPS(直近30日間),10代,20代,30代,40代,50代,60代,70代,80代,90代,100代,男性,女性,1泊,2泊,3泊,4泊以上,日帰り,自分ひとり,恋人,友人,夫婦2人,団体旅行,親戚,親,職場の同僚,小学生以下連れの家族,中学生以下連れの家族,高校生連れの家族,災害支援,宿でのんびり過ごす,温泉や露天風呂,地元の美味しいものを食べる,花見や紅葉などの自然鑑賞,名所、旧跡の観光,テーマパーク（遊園地、動物園、博物館など）,買い物、アウトレット,お祭りやイベントへの参加・見物,スポーツ観戦や芸能鑑賞（コンサート等）,アウトドア（海水浴、釣り、登山など）,まちあるき、都市散策,各種体験（手作り、果物狩りなど）,スキー・スノボ、マリンスポーツ,その他スポーツ（ゴルフ、テニスなど）,ドライブ・ツーリング,友人・親戚を尋ねる,出張など仕事関係,100万円未満,100万円以上 200万円未満,200万円以上 300万円未満,300万円以上 400万円未満,400万円以上 500万円未満,500万円以上 600万円未満,600万円以上 700万円未満,700万円以上 800万円未満,800万円以上 900万円未満,"900万円以上 1,000万円未満","1,000万円以上 1,200万円未満","1,200万円以上 1,500万円未満","1,500万円以上",北海道,青森県,岩手県,宮城県,秋田県,山形県,福島県,茨城県,栃木県,群馬県,埼玉県,千葉県,東京都,神奈川県,新潟県,富山県,石川県,福井県,山梨県,長野県,岐阜県,静岡県,愛知県,三重県,滋賀県,京都府,大阪府,兵庫県,奈良県,和歌山県,鳥取県,島根県,岡山県,広島県,山口県,徳島県,香川県,愛媛県,高知県,福岡県,佐賀県,長崎県,熊本県,大分県,宮崎県,鹿児島県,沖縄県
金沢城公園,564,12,14,-0.1428571429,5,20,4.502136752,3.583333333,4.42745098,3.833333333,4.606860158,4.416666667,8.455673759,316,71,0.4343971631,5,3,0.1666666667,0.01773049645,0.1471631206,0.1719858156,0.1914893617,0.2588652482,0.1613475177,0.05141843972,0,0,0,0.4095744681,0.5762411348,0.3812056738,0.3191489362,0.07092198582,0.08156028369,0.1471631206,0.2127659574,0.0780141844,0.1489361702,0.2446808511,0.008865248227,0,0.08687943262,0.01773049645,0.08333333333,0.02304964539,0.001773049645,0,0.1453900709,0.1737588652,0.6223404255,0.1294326241,0,0,0,0.07624113475,0,0,0,0,0,0,0.03191489362,0,0.04787234043,0.0585106383,0.05673758865,0.09042553191,0.1187943262,0.1524822695,0.115248227,0.07978723404,0.07978723404,0.04432624113,0.06205673759,0.06382978723,0.02482269504,0.05319148936,0.01595744681,0.001773049645,0.003546099291,0.008865248227,0,0.003546099291,0.007092198582,0.02127659574,0.02304964539,0.01418439716,0.06205673759,0.07446808511,0.1578014184,0.06560283688,0.01773049645,0.03191489362,0.0780141844,0.01418439716,0.005319148936,0.01418439716,0.02482269504,0.03368794326,0.08333333333,0.01418439716,0.01418439716,0.02659574468,0.0780141844,0.05319148936,0.008865248227,0,0.001773049645,0,0.005319148936,0.001773049645,0.001773049645,0.001773049645,0,0.003546099291,0,0.01063829787,0.001773049645,0,0,0.007092198582,0,0,0.007092198582
兼六園,108,2,1,1,24,38,4.477272727,5,4.52,5,4.621621622,5,8.509259259,62,15,0.4351851852,1,0,0.5,0.01851851852,0.1666666667,0.1481481481,0.2314814815,0.212962963,0.2037037037,0.01851851852,0,0,0,0.2407407407,0.7314814815,0.462962963,0.287037037,0.1018518519,0.03703703704,0.1111111111,0.09259259259,0.1203703704,0.1574074074,0.3425925926,0.009259259259,0,0.1296296296,0.01851851852,0.01851851852,0.02777777778,0,0,0.05555555556,0.1481481481,0.7037037037,0.1666666667,0,0,0,0.0462962963,0,0,0,0,0,0,0.01851851852,0,0.0462962963,0.02777777778,0.05555555556,0.1203703704,0.1111111111,0.1018518519,0.1296296296,0.1018518519,0.07407407407,0.05555555556,0.06481481481,0.1018518519,0.0462962963,0.009259259259,0.01851851852,0,0,0.009259259259,0.009259259259,0,0,0.009259259259,0.02777777778,0.01851851852,0.07407407407,0.09259259259,0.1759259259,0.1296296296,0.009259259259,0.02777777778,0.07407407407,0,0.009259259259,0.02777777778,0.01851851852,0.009259259259,0.0462962963,0.01851851852,0.009259259259,0.02777777778,0.0462962963,0.009259259259,0.009259259259,0.009259259259,0,0,0,0.009259259259,0,0.009259259259,0,0,0,0.02777777778,0,0.009259259259,0,0.01851851852,0,0,0.009259259259
金沢駅,247,48,41,0.1707317073,11,4,4.462222222,4.3125,4.427350427,4.270833333,4.647540984,4.4375,8.704453441,144,16,0.5182186235,27,2,0.5208333333,0.03238866397,0.1619433198,0.1659919028,0.2105263158,0.2307692308,0.1821862348,0.01214574899,0.004048582996,0,0,0.3724696356,0.6072874494,0.4129554656,0.2834008097,0.0971659919,0.1012145749,0.1052631579,0.2348178138,0.06072874494,0.1093117409,0.2631578947,0.01214574899,0.004048582996,0.1174089069,0.04858299595,0.03643724696,0.01214574899,0,0.008097165992,0.1700404858,0.1700404858,0.6558704453,0.06882591093,0,0,0,0.04858299595,0,0,0,0,0,0,0,0,0.0971659919,0.06477732794,0.05668016194,0.06072874494,0.07287449393,0.1255060729,0.1214574899,0.09311740891,0.07692307692,0.08502024291,0.04048582996,0.08502024291,0.05668016194,0.06072874494,0.004048582996,0,0.01619433198,0,0,0.008097165992,0.004048582996,0.01214574899,0.004048582996,0.01214574899,0.05668016194,0.03643724696,0.2024291498,0.08906882591,0.004048582996,0.03238866397,0.02834008097,0.008097165992,0,0.05263157895,0.01214574899,0.01619433198,0.06882591093,0.004048582996,0.004048582996,0.02834008097,0.1538461538,0.04858299595,0.01214574899,0.008097165992,0,0,0.01619433198,0.03238866397,0,0,0,0,0,0.008097165992,0.004048582996,0.004048582996,0,0,0,0.004048582996,0.004048582996
金沢中央観光案内所,902,30,28,0.07142857143,2,10,4.392510402,3.266666667,4.408854167,3.666666667,4.584158416,4.366666667,8.074279379,413,174,0.2649667406,13,5,0.2666666667,0.02993348115,0.1862527716,0.2028824834,0.1796008869,0.2372505543,0.1374722838,0.0266075388,0,0,0,0.3370288248,0.6308203991,0.344789357,0.3337028825,0.100886918,0.1197339246,0.100886918,0.1951219512,0.1130820399,0.1286031042,0.2527716186,0.00332594235,0.00110864745,0.1186252772,0.01441241685,0.06651884701,0.0155210643,0.00110864745,0,0.1873614191,0.1308203991,0.6629711752,0.09423503326,0,0,0,0.07095343681,0,0,0,0,0,0,0.009977827051,0,0.03436807095,0.07206208426,0.03436807095,0.06873614191,0.1297117517,0.1263858093,0.1086474501,0.08647450111,0.05764966741,0.05543237251,0.06430155211,0.09312638581,0.03880266075,0.06430155211,0.0110864745,0.00332594235,0.007760532151,0.0155210643,0.0022172949,0.007760532151,0.00332594235,0.022172949,0.0133037694,0.009977827051,0.05210643016,0.05099778271,0.2272727273,0.09312638581,0.0110864745,0.0266075388,0.05099778271,0.005543237251,0.0022172949,0.006651884701,0.01662971175,0.02549889135,0.06208425721,0.008869179601,0.008869179601,0.0399113082,0.09423503326,0.03880266075,0.01441241685,0.007760532151,0.00110864745,0.0022172949,0.006651884701,0.005543237251,0.0022172949,0.00110864745,0.00332594235,0.0022172949,0.0022172949,0.0133037694,0.0022172949,0.00110864745,0.006651884701,0.00332594235,0.0022172949,0.0022172949,0.0022172949
長町武家屋敷休憩館,90,3,4,-0.25,28,33,4.415584416,4.333333333,4.43902439,4.333333333,4.555555556,4.666666667,8.333333333,46,13,0.3666666667,1,1,0,0.04444444444,0.1555555556,0.1555555556,0.2333333333,0.1666666667,0.2,0.04444444444,0,0,0,0.3888888889,0.6,0.3333333333,0.3222222222,0.1777777778,0.1111111111,0.05555555556,0.1,0.1444444444,0.1111111111,0.3888888889,0,0,0.1222222222,0.02222222222,0.03333333333,0,0,0,0.2111111111,0.2111111111,0.6222222222,0.08888888889,0,0,0,0.01111111111,0,0,0,0,0,0,0,0,0.02222222222,0.06666666667,0.02222222222,0.06666666667,0.1222222222,0.1111111111,0.1333333333,0.1,0.05555555556,0.06666666667,0.08888888889,0.08888888889,0.04444444444,0.03333333333,0.04444444444,0.02222222222,0,0,0,0,0,0,0,0.07777777778,0.04444444444,0.1,0.2111111111,0.1111111111,0.02222222222,0.02222222222,0.03333333333,0,0,0.01111111111,0.03333333333,0,0.1,0,0,0.02222222222,0.03333333333,0.04444444444,0.02222222222,0,0.01111111111,0,0,0.01111111111,0,0,0,0,0,0.01111111111,0.01111111111,0,0,0,0,0,0
西茶屋資料館,66,0,1,-1,38,51,4.410714286,,4.440677966,,4.527777778,,7.166666667,18,21,-0.04545454545,0,0,,0,0.1666666667,0.2727272727,0.1212121212,0.303030303,0.1363636364,0,0,0,0,0.3333333333,0.6363636364,0.2878787879,0.4393939394,0.1363636364,0.04545454545,0.09090909091,0.1666666667,0.07575757576,0.1060606061,0.4090909091,0,0,0.1212121212,0.01515151515,0.04545454545,0.04545454545,0,0,0.196969697,0.1515151515,0.7121212121,0.07575757576,0,0,0,0.01515151515,0,0,0,0,0,0,0.01515151515,0,0.01515151515,0.01515151515,0.0303030303,0.1060606061,0.06060606061,0.1060606061,0.1515151515,0.04545454545,0.04545454545,0.0303030303,0.1060606061,0.1515151515,0.09090909091,0.06060606061,0,0,0,0,0,0.01515151515,0,0,0.04545454545,0,0.09090909091,0.09090909091,0.3181818182,0.06060606061,0.04545454545,0.01515151515,0.01515151515,0.0303030303,0.01515151515,0,0,0,0.04545454545,0,0.0303030303,0.04545454545,0.04545454545,0.04545454545,0.01515151515,0,0,0,0.01515151515,0,0,0,0,0,0,0,0,0,0.01515151515,0,0,0,0
ひがし茶屋休憩館,88,1,1,0,29,41,4.580246914,4,4.588235294,5,4.719298246,5,8.522727273,49,9,0.4545454545,0,0,0,0.03409090909,0.2386363636,0.1818181818,0.2159090909,0.2727272727,0.05681818182,0,0,0,0,0.3522727273,0.6477272727,0.3068181818,0.4204545455,0.04545454545,0.1022727273,0.125,0.1704545455,0.1363636364,0.1590909091,0.2386363636,0.01136363636,0,0.1477272727,0,0.05681818182,0.01136363636,0,0,0.2272727273,0.1931818182,0.7840909091,0.07954545455,0,0,0,0.01136363636,0,0,0,0,0,0,0,0,0.02272727273,0.09090909091,0.03409090909,0.07954545455,0.09090909091,0.1931818182,0.05681818182,0.07954545455,0.07954545455,0.03409090909,0.09090909091,0.06818181818,0.04545454545,0.05681818182,0.02272727273,0,0,0,0,0.01136363636,0,0.02272727273,0,0.01136363636,0.05681818182,0.06818181818,0.1818181818,0.1363636364,0.03409090909,0.01136363636,0.02272727273,0.01136363636,0.01136363636,0.02272727273,0.01136363636,0.03409090909,0.06818181818,0,0.01136363636,0.03409090909,0.1136363636,0.01136363636,0.01136363636,0,0,0,0,0.04545454545,0,0,0,0,0,0.02272727273,0,0,0,0,0,0,0.01136363636
石川県政記念しいのき迎賓館,84,14,2,6,30,18,4.464788732,4,4.481012658,4.285714286,4.608695652,4.642857143,8.154761905,38,14,0.2857142857,8,2,0.4285714286,0,0.1666666667,0.1666666667,0.2023809524,0.2619047619,0.1904761905,0.0119047619,0,0,0,0.3452380952,0.630952381,0.3095238095,0.2380952381,0.130952381,0.1071428571,0.2142857143,0.1666666667,0.1071428571,0.1785714286,0.2976190476,0,0,0.04761904762,0.02380952381,0.119047619,0,0,0,0.1904761905,0.2142857143,0.6071428571,0.1071428571,0,0,0,0.1666666667,0,0,0,0,0,0,0.03571428571,0,0.09523809524,0.05952380952,0.02380952381,0.07142857143,0.1071428571,0.07142857143,0.09523809524,0.1071428571,0.08333333333,0.07142857143,0.08333333333,0.09523809524,0.02380952381,0.1071428571,0.0119047619,0,0,0,0.0119047619,0,0,0.0119047619,0,0.03571428571,0.05952380952,0,0.130952381,0.05952380952,0.0119047619,0.08333333333,0.2619047619,0,0,0,0,0,0.05952380952,0.0119047619,0,0.05952380952,0.1071428571,0.02380952381,0,0,0,0,0.02380952381,0.0119047619,0,0,0.0119047619,0,0,0.0119047619,0,0,0,0,0,0,0
石川県立図書館,958,8,0,,1,24,4.650057937,4.125,4.701475596,4.625,4.601760176,4,8.618997912,597,112,0.506263048,5,1,0.5,0.04175365344,0.2077244259,0.1638830898,0.2004175365,0.2181628392,0.1377870564,0.02087682672,0.007306889353,0.001043841336,0.001043841336,0.3653444676,0.6054279749,0.2724425887,0.260960334,0.1022964509,0.1283924843,0.235908142,0.1910229645,0.0751565762,0.1461377871,0.1691022965,0.008350730689,0,0.111691023,0.0114822547,0.1294363257,0.05219206681,0,0,0.1638830898,0.1158663883,0.4603340292,0.02296450939,0,0,0,0.06471816284,0,0,0,0,0,0,0.03131524008,0,0.03966597077,0.06471816284,0.03235908142,0.06576200418,0.1012526096,0.1169102296,0.139874739,0.08559498956,0.06576200418,0.08037578288,0.05741127349,0.09081419624,0.0490605428,0.05010438413,0.02296450939,0.002087682672,0.001043841336,0.006263048017,0.001043841336,0,0.006263048017,0.008350730689,0.01043841336,0.008350730689,0.05427974948,0.02922755741,0.1565762004,0.09081419624,0.01878914405,0.06576200418,0.1753653445,0.02505219207,0.001043841336,0.02505219207,0.02192066806,0.02087682672,0.05636743215,0.0114822547,0.01043841336,0.02296450939,0.05949895616,0.03444676409,0.005219206681,0.002087682672,0,0.004175365344,0.005219206681,0.008350730689,0,0.001043841336,0.001043841336,0.002087682672,0,0.007306889353,0.006263048017,0.004175365344,0.001043841336,0.003131524008,0,0.002087682672,0
石川県立歴史博物館,371,39,32,0.21875,9,7,4.504424779,4.358974359,4.552023121,4.358974359,4.580060423,4.487179487,8.226415094,174,59,0.3099730458,18,3,0.3846153846,0.03234501348,0.2398921833,0.153638814,0.1698113208,0.1967654987,0.1590296496,0.04851752022,0,0,0,0.4636118598,0.5094339623,0.3234501348,0.3153638814,0.09973045822,0.08894878706,0.1725067385,0.2533692722,0.1212938005,0.1239892183,0.2668463612,0.00539083558,0,0.08894878706,0.01617250674,0.02964959569,0.00269541779,0,0,0.167115903,0.1185983827,0.5417789757,0.09433962264,0,0,0,0.05121293801,0,0,0,0,0,0,0.01617250674,0,0.05121293801,0.04851752022,0.0539083558,0.08625336927,0.1320754717,0.1320754717,0.09164420485,0.06738544474,0.04312668464,0.05121293801,0.06469002695,0.08086253369,0.05121293801,0.09703504043,0.01347708895,0.00269541779,0.00269541779,0,0.00539083558,0.00539083558,0,0.01617250674,0.00539083558,0.02156334232,0.04851752022,0.05121293801,0.1913746631,0.09973045822,0.00539083558,0.04312668464,0.1051212938,0.01078167116,0.01078167116,0.02425876011,0.01078167116,0.0269541779,0.07008086253,0.01347708895,0.01886792453,0.03504043127,0.08086253369,0.03504043127,0.01078167116,0.00539083558,0,0,0.00539083558,0,0,0,0.01078167116,0,0,0.008086253369,0,0,0,0,0,0,0.00539083558
石川県立美術館,133,0,0,,21,52,4.369369369,,4.475,,4.474576271,,7.954887218,58,25,0.2481203008,0,0,,0,0.1804511278,0.1879699248,0.1954887218,0.2406015038,0.1654135338,0.03007518797,0,0,0,0.3909774436,0.5939849624,0.3609022556,0.1729323308,0.08270676692,0.0977443609,0.2857142857,0.2706766917,0.1052631579,0.0977443609,0.3082706767,0.007518796992,0,0.09022556391,0.007518796992,0.03759398496,0.03007518797,0,0,0.1654135338,0.1203007519,0.5112781955,0.07518796992,0,0,0,0.03007518797,0,0,0,0,0,0,0.01503759398,0,0.007518796992,0.03007518797,0.03759398496,0.1052631579,0.1052631579,0.1127819549,0.08270676692,0.1127819549,0.1052631579,0.04511278195,0.07518796992,0.0977443609,0.04511278195,0.04511278195,0.02255639098,0,0,0,0,0,0.007518796992,0.03007518797,0.007518796992,0.007518796992,0.01503759398,0.01503759398,0.1654135338,0.0977443609,0.01503759398,0.08270676692,0.1804511278,0.03759398496,0,0.03759398496,0.02255639098,0.007518796992,0.02255639098,0.01503759398,0.02255639098,0.02255639098,0.03007518797,0.03759398496,0.03759398496,0,0.02255639098,0,0.007518796992,0.007518796992,0.007518796992,0,0,0,0,0.007518796992,0,0,0,0,0,0,0.007518796992
からくり記念館,47,0,0,,49,53,4.511627907,,4.466666667,,4.514285714,,8.212765957,20,5,0.3191489362,0,0,,0.02127659574,0.1276595745,0.2340425532,0.2978723404,0.1276595745,0.1489361702,0.04255319149,0,0,0,0.5319148936,0.4680851064,0.2765957447,0.3617021277,0.04255319149,0.1489361702,0.170212766,0.1276595745,0.08510638298,0.1063829787,0.2340425532,0,0,0.06382978723,0.02127659574,0.2127659574,0.06382978723,0,0,0.08510638298,0.2765957447,0.4893617021,0.06382978723,0,0,0,0.08510638298,0,0,0,0,0,0,0.08510638298,0,0.04255319149,0,0,0.1063829787,0.1063829787,0.08510638298,0.06382978723,0.1063829787,0.1063829787,0.06382978723,0.08510638298,0.170212766,0.06382978723,0.04255319149,0.02127659574,0,0,0,0,0,0,0,0,0,0.04255319149,0.02127659574,0.06382978723,0.02127659574,0.04255319149,0.08510638298,0.08510638298,0,0,0.04255319149,0.04255319149,0.02127659574,0.04255319149,0.08510638298,0.02127659574,0.06382978723,0.1489361702,0.04255319149,0,0,0,0.02127659574,0,0.04255319149,0,0,0,0,0,0,0,0,0,0.02127659574,0.02127659574,0,0
ホテル・トリフィート金沢,139,1,0,,20,42,4.597014925,5,4.591240876,5,4.660550459,5,8.71942446,83,11,0.5179856115,1,0,1,0.007194244604,0.1870503597,0.2230215827,0.1510791367,0.2661870504,0.1438848921,0.02158273381,0,0,0,0.3381294964,0.6474820144,0.4100719424,0.4748201439,0.05755395683,0.05755395683,0,0.09352517986,0.1366906475,0.1223021583,0.2446043165,0,0,0.1366906475,0.02877697842,0.04316546763,0.02158273381,0,0,0.1942446043,0.09352517986,0.7050359712,0.05755395683,0,0,0,0.01438848921,0,0,0,0,0,0,0,0,0.07194244604,0.01438848921,0.02158273381,0.06474820144,0.1510791367,0.1151079137,0.1079136691,0.05035971223,0.05755395683,0.05755395683,0.08633093525,0.1510791367,0.05755395683,0.06474820144,0.02158273381,0.01438848921,0,0.007194244604,0,0,0.01438848921,0,0.01438848921,0.02158273381,0.1007194245,0.07194244604,0.2661870504,0.1007194245,0.02158273381,0,0.05755395683,0,0,0,0.02158273381,0.03597122302,0.05035971223,0.007194244604,0.007194244604,0.01438848921,0.07194244604,0.01438848921,0,0,0,0.01438848921,0.007194244604,0.02158273381,0,0,0,0,0,0.007194244604,0,0,0.007194244604,0.007194244604,0,0,0
ダイワロイネットホテル金沢MIYABI,79,10,0,,33,21,4.662337662,4.1,4.701298701,4.1,4.69047619,4.6,8.860759494,53,6,0.5949367089,4,2,0.2,0,0.1392405063,0.2911392405,0.2278481013,0.253164557,0.06329113924,0.0253164557,0,0,0,0.3544303797,0.6329113924,0.4936708861,0.2658227848,0.1265822785,0.1012658228,0.01265822785,0.1139240506,0.1139240506,0.1012658228,0.2151898734,0,0.01265822785,0.1139240506,0.1139240506,0.1265822785,0.0253164557,0,0,0.2278481013,0.1898734177,0.6582278481,0.07594936709,0,0,0,0.01265822785,0,0,0,0,0,0,0,0,0.1139240506,0.01265822785,0.06329113924,0.05063291139,0.164556962,0.06329113924,0.06329113924,0.08860759494,0.07594936709,0.1012658228,0.05063291139,0.1265822785,0.0253164557,0.1139240506,0.0253164557,0,0,0.05063291139,0,0,0.0253164557,0.05063291139,0.01265822785,0,0.05063291139,0.0253164557,0.2025316456,0.03797468354,0.0253164557,0.01265822785,0.05063291139,0,0,0.0253164557,0.03797468354,0,0.07594936709,0.0253164557,0,0.0253164557,0.07594936709,0.03797468354,0,0,0,0,0.01265822785,0.0253164557,0,0.01265822785,0,0,0.01265822785,0.05063291139,0,0,0,0,0,0.01265822785,0
ホテルインターゲート金沢,52,0,0,,46,54,4.583333333,,4.54,,4.217391304,,8.461538462,28,5,0.4423076923,0,0,,0,0.1153846154,0.1923076923,0.1923076923,0.3076923077,0.1730769231,0.01923076923,0,0,0,0.6923076923,0.2884615385,0.4615384615,0.3461538462,0.07692307692,0.1153846154,0,0.1346153846,0.05769230769,0.1153846154,0.4038461538,0.01923076923,0,0.07692307692,0.1153846154,0.01923076923,0,0,0,0.1538461538,0.09615384615,0.6923076923,0.01923076923,0,0,0,0.01923076923,0,0,0,0,0,0,0.01923076923,0,0.1153846154,0,0.01923076923,0.03846153846,0.07692307692,0.09615384615,0.1346153846,0.1730769231,0.1538461538,0.03846153846,0.09615384615,0.1153846154,0.05769230769,0,0.03846153846,0,0,0,0,0,0.05769230769,0,0.01923076923,0,0.01923076923,0.07692307692,0.07692307692,0.01923076923,0.1153846154,0.01923076923,0.01923076923,0.01923076923,0,0.03846153846,0,0.05769230769,0.07692307692,0.03846153846,0.01923076923,0,0.1538461538,0.03846153846,0,0,0,0,0.03846153846,0,0,0,0,0,0,0.03846153846,0.01923076923,0,0,0,0,0,0
ホテルマイステイズプレミア金沢,82,0,0,,31,55,4.56,,4.581081081,,4.666666667,,8.402439024,46,14,0.3902439024,0,0,,0.03658536585,0.1829268293,0.1951219512,0.1951219512,0.2804878049,0.1097560976,0,0,0,0,0.4512195122,0.5365853659,0.4146341463,0.3658536585,0.06097560976,0.1585365854,0,0.08536585366,0.0487804878,0.08536585366,0.09756097561,0.01219512195,0,0.243902439,0.06097560976,0.1829268293,0.1341463415,0,0,0.2317073171,0.1707317073,0.6097560976,0.08536585366,0,0,0,0.03658536585,0,0,0,0,0,0,0.01219512195,0,0.08536585366,0.0487804878,0.0243902439,0.09756097561,0.08536585366,0.08536585366,0.1219512195,0.08536585366,0.1097560976,0.0243902439,0.08536585366,0.1707317073,0.03658536585,0.0243902439,0.0243902439,0,0,0,0,0,0,0.0243902439,0,0.01219512195,0.0243902439,0.09756097561,0.243902439,0.1219512195,0.01219512195,0,0.06097560976,0,0.01219512195,0.06097560976,0.0243902439,0,0.03658536585,0,0.0243902439,0.03658536585,0.06097560976,0.0243902439,0.01219512195,0,0,0,0.0243902439,0.01219512195,0,0,0,0,0,0.0243902439,0,0,0,0,0,0,0.0243902439
チサンバジェット金沢駅前,206,3,4,-0.25,14,34,4.136363636,1.333333333,4.176100629,2.666666667,4.432989691,4,7.305825243,65,64,0.004854368932,1,1,0,0.009708737864,0.1213592233,0.1941747573,0.2087378641,0.3495145631,0.1019417476,0.0145631068,0,0,0,0.5922330097,0.3834951456,0.3640776699,0.2766990291,0.1310679612,0.2233009709,0.004854368932,0.4514563107,0.04854368932,0.07281553398,0.08737864078,0.02427184466,0,0.03398058252,0.2087378641,0,0.004854368932,0,0,0.07766990291,0.06310679612,0.3689320388,0.03398058252,0,0,0,0.02427184466,0,0,0,0,0,0,0.004854368932,0,0.427184466,0.02427184466,0.03398058252,0.09223300971,0.1019417476,0.1310679612,0.09223300971,0.09708737864,0.1067961165,0.08252427184,0.1116504854,0.08252427184,0.01941747573,0.02427184466,0.01941747573,0,0,0.004854368932,0.0145631068,0.004854368932,0.009708737864,0.01941747573,0,0.004854368932,0.03883495146,0.05339805825,0.1650485437,0.08737864078,0.04854368932,0.02427184466,0.05825242718,0.0145631068,0,0.02912621359,0,0.0145631068,0.04854368932,0.004854368932,0.004854368932,0.05825242718,0.1019417476,0.01941747573,0.0145631068,0.004854368932,0.004854368932,0.004854368932,0.009708737864,0.03398058252,0,0,0.0145631068,0.004854368932,0,0.0145631068,0.009708737864,0.009708737864,0.01941747573,0,0,0.004854368932,0
トリフィートホテル&ポッド金沢百万石通,100,1,0,,27,43,4.404255319,4,4.467391304,5,4.571428571,5,8.49,53,9,0.44,1,0,1,0,0.12,0.18,0.14,0.4,0.15,0.01,0,0,0,0.5,0.5,0.43,0.35,0.07,0.15,0,0.58,0.01,0.17,0.06,0,0,0.02,0.05,0,0.02,0,0,0.13,0.11,0.61,0.1,0,0,0,0.01,0,0,0,0,0,0,0.01,0,0.16,0.07,0.06,0.04,0.13,0.11,0.07,0.08,0.08,0.09,0.03,0.07,0.08,0.09,0.01,0,0,0,0.01,0,0,0.04,0.01,0.01,0.03,0.04,0.21,0.08,0,0.02,0.05,0.03,0.01,0.04,0,0,0.14,0.01,0,0.03,0.11,0.05,0,0,0,0,0,0,0.01,0,0,0,0,0.03,0,0.01,0.02,0,0,0,0
金沢東急ホテル,31,1,3,-0.6666666667,66,44,4.548387097,5,4.548387097,4,4.619047619,5,8.419354839,15,4,0.3548387097,0,0,0,0,0.1612903226,0.1290322581,0.2580645161,0.3548387097,0.09677419355,0,0,0,0,0.3870967742,0.5483870968,0.5483870968,0.2903225806,0.06451612903,0,0.09677419355,0.06451612903,0.06451612903,0.1290322581,0.3548387097,0,0,0.1935483871,0,0.06451612903,0.03225806452,0,0,0.3548387097,0.06451612903,0.7419354839,0.1612903226,0,0,0,0,0,0,0,0,0,0,0.06451612903,0,0,0,0.03225806452,0.06451612903,0.06451612903,0.1290322581,0.06451612903,0.09677419355,0.09677419355,0.06451612903,0.03225806452,0.2258064516,0.06451612903,0.06451612903,0.03225806452,0,0,0,0,0,0,0.03225806452,0,0,0,0,0.1290322581,0.1290322581,0,0,0.3870967742,0,0,0.03225806452,0.03225806452,0,0.03225806452,0.03225806452,0.03225806452,0.03225806452,0.03225806452,0.06451612903,0,0,0,0,0,0,0,0,0,0,0,0,0,0,0,0,0,0,0
KOKOHOTEL Premier 金沢香林坊,595,10,5,1,4,22,4.467532468,4.1,4.47601476,4.1,4.557377049,4.2,8.4,318,70,0.4168067227,3,3,0,0.003361344538,0.1714285714,0.1344537815,0.1915966387,0.2890756303,0.1798319328,0.02857142857,0.001680672269,0,0,0.5075630252,0.4857142857,0.418487395,0.3294117647,0.1193277311,0.131092437,0.001680672269,0.2554621849,0.1512605042,0.08907563025,0.2672268908,0.008403361345,0,0.04705882353,0.07226890756,0.02521008403,0.006722689076,0,0.005042016807,0.1798319328,0.07058823529,0.6050420168,0.06386554622,0,0,0,0.03529411765,0,0,0,0,0,0,0.01680672269,0,0.2,0.0268907563,0.02352941176,0.07058823529,0.09075630252,0.1058823529,0.1193277311,0.1008403361,0.09243697479,0.05546218487,0.05546218487,0.1075630252,0.08235294118,0.06890756303,0.02521008403,0.003361344538,0.001680672269,0.01008403361,0.003361344538,0.003361344538,0.006722689076,0.01848739496,0.01344537815,0.01008403361,0.0218487395,0.04537815126,0.1630252101,0.08403361345,0.02016806723,0.02857142857,0.04705882353,0.02521008403,0.006722689076,0.01680672269,0.01848739496,0.02521008403,0.08907563025,0.01176470588,0.02857142857,0.04201680672,0.08739495798,0.04705882353,0.006722689076,0.005042016807,0.008403361345,0.001680672269,0.008403361345,0.01008403361,0.001680672269,0.003361344538,0.003361344538,0.003361344538,0.003361344538,0.0218487395,0.001680672269,0.005042016807,0.001680672269,0.001680672269,0.003361344538,0,0.005042016807
ホテルウィングインターナショナルプレミアム金沢駅前,191,0,0,,15,56,4.454022989,,4.416666667,,4.511450382,,8.22513089,86,23,0.3298429319,0,0,,0,0.1884816754,0.2670157068,0.1465968586,0.2879581152,0.0942408377,0.01570680628,0,0,0,0.4607329843,0.5130890052,0.4764397906,0.277486911,0.1047120419,0.1151832461,0.02617801047,0.3141361257,0.1465968586,0.08376963351,0.2094240838,0.005235602094,0,0.04712041885,0.08376963351,0.06282722513,0,0,0,0.1727748691,0.06282722513,0.5497382199,0.06282722513,0,0,0,0.04712041885,0,0,0,0,0,0,0.01047120419,0,0.2094240838,0,0.03141361257,0.02094240838,0.1047120419,0.1308900524,0.1413612565,0.0890052356,0.109947644,0.05759162304,0.05759162304,0.1465968586,0.04188481675,0.06806282723,0.01047120419,0,0,0.01047120419,0,0.005235602094,0.005235602094,0.01047120419,0.01047120419,0.01047120419,0.06282722513,0.02617801047,0.1989528796,0.07329842932,0.03141361257,0.05759162304,0.05235602094,0,0,0.01570680628,0.03141361257,0.02094240838,0.08376963351,0.01047120419,0.03141361257,0.04188481675,0.08376963351,0.04712041885,0.01570680628,0.005235602094,0,0,0,0.01047120419,0,0,0,0.005235602094,0.005235602094,0.02617801047,0,0,0,0,0,0,0
石川県森林公園三国山キャンプ場,38,1,0,,56,45,4.684210526,4,4.783783784,5,4.631578947,5,9.078947368,29,2,0.7105263158,1,0,1,0,0.05263157895,0.1315789474,0.2368421053,0.3421052632,0.2368421053,0,0,0,0,0.7894736842,0.2105263158,0.8684210526,0.1315789474,0,0,0,0.6842105263,0.05263157895,0,0.1052631579,0,0,0.02631578947,0,0.05263157895,0.05263157895,0,0,0.1578947368,0.05263157895,0.07894736842,0.05263157895,0,0,0,0,0,0,0,0,0,0,0,0,0,0.02631578947,0.02631578947,0.05263157895,0.1578947368,0.2105263158,0.07894736842,0.02631578947,0.1315789474,0.07894736842,0.1315789474,0.02631578947,0.02631578947,0.02631578947,0,0,0,0,0,0,0,0,0,0,0.02631578947,0,0,0,0,0.2105263158,0.6842105263,0.02631578947,0,0,0,0,0,0.02631578947,0,0,0.02631578947,0,0,0,0,0,0,0,0,0,0,0,0,0,0,0,0,0,0,0,0
アパホテル〈金沢駅前〉,33,1,0,,63,46,4.518518519,4,4.333333333,4,4.483870968,4,8.181818182,15,5,0.303030303,1,0,1,0,0.1212121212,0.2121212121,0.09090909091,0.3939393939,0.1515151515,0.0303030303,0,0,0,0.4242424242,0.5757575758,0.4545454545,0.2424242424,0.1212121212,0.1515151515,0.0303030303,0.4242424242,0.09090909091,0.1515151515,0.1212121212,0.0303030303,0,0.0303030303,0.09090909091,0,0,0,0,0.2121212121,0.09090909091,0.6363636364,0,0,0,0,0.0303030303,0,0,0,0,0,0,0.0303030303,0,0.1818181818,0.0303030303,0.0303030303,0.1515151515,0.1515151515,0.1212121212,0.09090909091,0.1818181818,0.0303030303,0.0303030303,0.09090909091,0,0.06060606061,0.0303030303,0,0,0,0,0,0,0.06060606061,0,0,0,0.06060606061,0,0.2121212121,0.06060606061,0,0.0303030303,0.09090909091,0,0,0,0.0303030303,0,0.2121212121,0,0,0,0.1212121212,0.0303030303,0,0,0.0303030303,0.0303030303,0,0,0,0,0,0,0,0.0303030303,0,0,0,0,0,0,0
尾山神社,372,35,32,0.09375,8,8,4.487804878,4.257142857,4.476744186,4.485714286,4.64265928,4.714285714,8.454301075,190,41,0.4005376344,22,1,0.6,0.008064516129,0.09677419355,0.1612903226,0.2043010753,0.3252688172,0.1720430108,0.02956989247,0.002688172043,0,0,0.3198924731,0.6666666667,0.3817204301,0.3494623656,0.08602150538,0.06989247312,0.1129032258,0.188172043,0.05913978495,0.1478494624,0.2741935484,0.01075268817,0,0.1344086022,0.01612903226,0.04838709677,0.01075268817,0,0,0.126344086,0.1612903226,0.6720430108,0.08870967742,0,0,0,0.02150537634,0,0,0,0,0,0,0.02419354839,0,0.05913978495,0.04569892473,0.05107526882,0.05376344086,0.09408602151,0.1559139785,0.1209677419,0.06989247312,0.08064516129,0.05913978495,0.04838709677,0.1209677419,0.05376344086,0.04569892473,0.01344086022,0.005376344086,0.002688172043,0.002688172043,0.005376344086,0.002688172043,0.002688172043,0.01612903226,0.01075268817,0.01344086022,0.06720430108,0.03494623656,0.1962365591,0.08870967742,0.02150537634,0.01612903226,0.0564516129,0.01075268817,0.002688172043,0.0188172043,0.01344086022,0.02956989247,0.08333333333,0.01075268817,0.02419354839,0.03494623656,0.07795698925,0.05107526882,0.01612903226,0,0.005376344086,0,0.008064516129,0.002688172043,0,0,0.008064516129,0.005376344086,0,0.02150537634,0.002688172043,0.005376344086,0.008064516129,0,0.002688172043,0,0
安江金箔工芸館,31,4,0,,67,31,4.384615385,4.5,4.5,4.75,4.548387097,4.75,8.322580645,17,4,0.4193548387,2,0,0.5,0,0.2580645161,0.1612903226,0.1612903226,0.2903225806,0.06451612903,0.06451612903,0,0,0,0.3225806452,0.6451612903,0.2580645161,0.4516129032,0.1612903226,0.06451612903,0.06451612903,0.09677419355,0.09677419355,0.2258064516,0.3548387097,0,0,0.1290322581,0,0,0,0,0,0.1290322581,0.06451612903,0.6129032258,0.03225806452,0,0,0,0.06451612903,0,0,0,0,0,0,0,0,0,0,0.1290322581,0.09677419355,0.06451612903,0.1290322581,0.09677419355,0.09677419355,0.1612903226,0.09677419355,0.03225806452,0.06451612903,0.03225806452,0,0,0,0,0.03225806452,0.03225806452,0,0,0,0,0,0.06451612903,0.1612903226,0.1612903226,0.1290322581,0.03225806452,0,0.03225806452,0,0,0,0,0,0.03225806452,0.03225806452,0,0.03225806452,0.1612903226,0.06451612903,0,0,0,0,0.03225806452,0,0,0,0,0,0,0,0,0,0,0,0,0,0
スーパーホテルPremier金沢駅東口,117,6,11,-0.4545454545,23,27,4.52293578,2.833333333,4.514018692,2.833333333,4.522123894,3.666666667,8.222222222,58,16,0.358974359,2,1,0.1666666667,0.02564102564,0.1538461538,0.1623931624,0.2393162393,0.2222222222,0.1709401709,0.01709401709,0.008547008547,0,0,0.4188034188,0.5641025641,0.4358974359,0.4017094017,0.1111111111,0.05128205128,0,0.2051282051,0.04273504274,0.09401709402,0.188034188,0.008547008547,0,0.07692307692,0.1452991453,0.05128205128,0.05982905983,0,0,0.1623931624,0.2478632479,0.547008547,0.08547008547,0,0,0,0.02564102564,0,0,0,0,0,0,0.02564102564,0,0.2478632479,0.02564102564,0.05128205128,0.04273504274,0.1025641026,0.1111111111,0.1965811966,0.09401709402,0.07692307692,0.07692307692,0.05128205128,0.1025641026,0.03418803419,0.03418803419,0.01709401709,0,0.008547008547,0.008547008547,0,0,0,0.008547008547,0.02564102564,0.008547008547,0.05982905983,0.05982905983,0.1794871795,0.04273504274,0.01709401709,0.02564102564,0.008547008547,0.008547008547,0,0.02564102564,0.01709401709,0.05128205128,0.08547008547,0.008547008547,0.008547008547,0.05128205128,0.08547008547,0.05982905983,0.02564102564,0.008547008547,0,0,0,0,0,0,0.01709401709,0,0,0.01709401709,0.01709401709,0,0.01709401709,0.008547008547,0,0.01709401709,0
ＨＯＴＥＬ金沢　兼六荘,72,0,0,,35,57,4.46875,,4.390625,,4.426470588,,7.541666667,25,18,0.09722222222,0,0,,0,0.08333333333,0.1388888889,0.09722222222,0.2777777778,0.3194444444,0.08333333333,0,0,0,0.5277777778,0.4583333333,0.3888888889,0.3194444444,0.1388888889,0.1388888889,0.01388888889,0.2222222222,0.01388888889,0.02777777778,0.4027777778,0.01388888889,0,0.06944444444,0.06944444444,0.01388888889,0.04166666667,0,0,0.1388888889,0.02777777778,0.4861111111,0.08333333333,0,0,0,0.02777777778,0,0,0,0,0,0,0.01388888889,0,0.1666666667,0.02777777778,0.02777777778,0.1388888889,0.1944444444,0.1111111111,0.08333333333,0.06944444444,0.05555555556,0.05555555556,0.06944444444,0.09722222222,0.04166666667,0.02777777778,0,0.01388888889,0,0.01388888889,0,0.04166666667,0.01388888889,0,0.01388888889,0,0,0.02777777778,0.1666666667,0.04166666667,0.01388888889,0.02777777778,0.02777777778,0,0,0.02777777778,0.02777777778,0.05555555556,0.1388888889,0.01388888889,0.01388888889,0.01388888889,0.09722222222,0.06944444444,0.02777777778,0.01388888889,0,0,0.02777777778,0.02777777778,0,0,0,0.02777777778,0,0,0,0,0,0,0,0.01388888889,0
金沢マンテンホテル駅前,47,0,0,,50,58,4.35,,4.404761905,,4.456521739,,7.85106383,13,7,0.1276595745,0,0,,0.02127659574,0.1276595745,0.1063829787,0.1063829787,0.3829787234,0.2340425532,0.02127659574,0,0,0,0.4468085106,0.5319148936,0.4893617021,0.3404255319,0.1063829787,0.06382978723,0,0.3191489362,0.1276595745,0.1063829787,0.2340425532,0,0,0.06382978723,0.06382978723,0.04255319149,0,0,0,0.1489361702,0.2340425532,0.4680851064,0.08510638298,0,0,0,0.08510638298,0,0,0,0,0,0,0,0,0.2553191489,0.04255319149,0.02127659574,0.04255319149,0.02127659574,0.1914893617,0.1063829787,0.1276595745,0.02127659574,0.06382978723,0.1063829787,0.170212766,0.04255319149,0.04255319149,0.06382978723,0,0,0,0,0,0,0.04255319149,0,0,0.04255319149,0.08510638298,0.1489361702,0.08510638298,0.02127659574,0,0.06382978723,0,0,0.06382978723,0.02127659574,0,0.1276595745,0,0,0.04255319149,0.1063829787,0,0.02127659574,0,0,0,0.02127659574,0,0,0,0,0,0,0,0,0,0.02127659574,0,0,0.02127659574,0
ホテルマイステイズ金沢キャッスル,60,0,0,,41,59,4.283018868,,4.296296296,,4.543859649,,7.633333333,22,16,0.1,0,0,,0.03333333333,0.3333333333,0.2166666667,0.1333333333,0.2,0.08333333333,0,0,0,0,0.2666666667,0.7,0.4333333333,0.45,0.08333333333,0.03333333333,0,0.06666666667,0.2,0.2,0.25,0.03333333333,0,0.06666666667,0.06666666667,0.06666666667,0.03333333333,0,0,0.15,0.05,0.65,0,0,0,0,0.03333333333,0,0,0,0,0,0,0.01666666667,0,0.1166666667,0.06666666667,0.06666666667,0.1,0.1166666667,0.1166666667,0.1833333333,0.03333333333,0.1166666667,0.01666666667,0.05,0.06666666667,0.01666666667,0.05,0,0,0,0,0,0,0,0.01666666667,0,0,0.1166666667,0.05,0.1833333333,0.03333333333,0.03333333333,0.06666666667,0.01666666667,0,0,0,0,0,0.1,0.01666666667,0.01666666667,0.03333333333,0.08333333333,0.08333333333,0.03333333333,0,0.01666666667,0,0,0.01666666667,0,0,0,0.01666666667,0,0,0,0,0.01666666667,0,0.01666666667,0.03333333333,0
金沢蓄音器館,41,7,2,2.5,54,26,4.634146341,4.428571429,4.6,4.428571429,4.675,3.857142857,9.024390244,27,1,0.6341463415,3,0,0.4285714286,0.0243902439,0.1463414634,0.2682926829,0.1463414634,0.2926829268,0.09756097561,0.0243902439,0,0,0,0.4390243902,0.5365853659,0.2195121951,0.2682926829,0.243902439,0.07317073171,0.1951219512,0.2926829268,0.0487804878,0.09756097561,0.2926829268,0,0,0.07317073171,0,0.07317073171,0,0,0,0.1707317073,0.1219512195,0.7073170732,0.09756097561,0,0,0,0.0487804878,0,0,0,0,0,0,0,0,0.0243902439,0.0487804878,0.0243902439,0.09756097561,0.09756097561,0.2195121951,0.1707317073,0.09756097561,0.07317073171,0.0243902439,0.0243902439,0.07317073171,0.0487804878,0,0.0487804878,0,0,0,0,0,0,0.0243902439,0,0.0243902439,0.07317073171,0.0487804878,0.1951219512,0.07317073171,0,0.0243902439,0.07317073171,0.09756097561,0,0.0243902439,0,0.0487804878,0.0243902439,0.07317073171,0,0.0243902439,0.0243902439,0.0243902439,0.0243902439,0,0,0.0243902439,0,0.0243902439,0,0,0,0,0,0,0,0,0,0,0,0,0
石川県観光物産館,69,27,0,,36,12,4.53125,4.37037037,4.492307692,4.518518519,4.606060606,4.444444444,8.536231884,36,5,0.4492753623,16,0,0.5925925926,0.05797101449,0.115942029,0.2028985507,0.2608695652,0.2028985507,0.1304347826,0.02898550725,0,0,0,0.231884058,0.7391304348,0.3913043478,0.3043478261,0.115942029,0.07246376812,0.115942029,0.02898550725,0.04347826087,0.1739130435,0.1014492754,0,0,0.2173913043,0.01449275362,0.1594202899,0.01449275362,0.01449275362,0,0.1304347826,0.2173913043,0.7246376812,0.1014492754,0,0,0,0.01449275362,0,0,0,0,0,0,0.05797101449,0,0.02898550725,0.05797101449,0,0.05797101449,0.115942029,0.1304347826,0.1304347826,0.07246376812,0.04347826087,0.05797101449,0.115942029,0.115942029,0,0.1014492754,0,0,0,0,0,0.01449275362,0,0,0.01449275362,0,0.1014492754,0.07246376812,0.1739130435,0.01449275362,0,0.04347826087,0.04347826087,0.04347826087,0,0.08695652174,0.02898550725,0.01449275362,0.02898550725,0,0,0.02898550725,0.05797101449,0.1014492754,0,0,0,0,0.04347826087,0.01449275362,0,0,0,0.01449275362,0,0.05797101449,0,0,0,0,0,0,0
屋内木育施設 もりのひみつきち,68,4,4,0,37,32,4.532258065,4.25,4.515625,4.25,4.476190476,4.25,8.720588235,42,8,0.5,2,0,0.5,0,0.05882352941,0.5588235294,0.2941176471,0.04411764706,0.04411764706,0,0,0,0,0.1911764706,0.7794117647,0.1764705882,0.05882352941,0.05882352941,0.05882352941,0.6470588235,0.02941176471,0,0.02941176471,0,0,0,0.01470588235,0,0.9117647059,0,0,0,0.2205882353,0.2058823529,0.2647058824,0.04411764706,0,0,0,0,0,0,0,0,0,0,0.02941176471,0,0,0.04411764706,0.01470588235,0.01470588235,0.08823529412,0.01470588235,0.2058823529,0.1470588235,0.1323529412,0.04411764706,0.05882352941,0.1323529412,0.08823529412,0.01470588235,0,0,0,0,0,0,0,0,0,0,0,0,0.02941176471,0.04411764706,0,0.1911764706,0.6029411765,0.01470588235,0,0.01470588235,0.01470588235,0,0,0,0.01470588235,0,0.02941176471,0.01470588235,0.01470588235,0,0,0,0,0,0,0,0,0,0,0.01470588235,0,0,0,0,0,0,0
北陸自動車道　尼御前ＳＡ（下り）,41,1,1,0,55,47,4.382352941,5,4.424242424,4,4.558823529,4,7.804878049,16,6,0.243902439,0,0,0,0.0243902439,0.1463414634,0.2682926829,0.1463414634,0.3170731707,0.07317073171,0.0243902439,0,0,0,0.2195121951,0.7073170732,0.3658536585,0.243902439,0.1463414634,0.09756097561,0.1463414634,0.1219512195,0.07317073171,0.0243902439,0.243902439,0.0243902439,0,0.07317073171,0.0487804878,0.1707317073,0.07317073171,0,0,0.1707317073,0.243902439,0.4634146341,0.0243902439,0,0,0,0.0243902439,0,0,0,0,0,0,0.1219512195,0,0.07317073171,0,0.0487804878,0,0.1951219512,0.1463414634,0.1219512195,0.07317073171,0,0.07317073171,0.07317073171,0.2195121951,0.0243902439,0.0243902439,0.0243902439,0,0,0,0,0,0,0,0,0.0243902439,0.0487804878,0,0.0243902439,0.0243902439,0,0.1463414634,0.0243902439,0.09756097561,0,0,0,0.0243902439,0.07317073171,0.0487804878,0.09756097561,0.0243902439,0.1707317073,0.09756097561,0.0243902439,0,0,0,0,0,0,0,0,0.0243902439,0,0,0,0,0,0,0,0,0
金沢港クルーズターミナル,38,15,23,-0.347826087,57,17,4.103448276,2.4,4.342857143,3.8,4.542857143,3.733333333,7.421052632,10,10,0,4,5,-0.06666666667,0,0.07894736842,0.1842105263,0.2105263158,0.3684210526,0.1315789474,0.02631578947,0,0,0,0.3684210526,0.6315789474,0.1578947368,0.2631578947,0.1052631579,0.1052631579,0.3684210526,0.1315789474,0.05263157895,0.07894736842,0.2894736842,0,0,0.02631578947,0.02631578947,0.1578947368,0,0,0,0.1052631579,0.07894736842,0.4473684211,0.05263157895,0,0,0,0.1052631579,0,0,0,0,0,0,0.1052631579,0,0.02631578947,0.07894736842,0.02631578947,0.1315789474,0.1052631579,0.1052631579,0.1315789474,0.1315789474,0.02631578947,0.02631578947,0.07894736842,0.1052631579,0.02631578947,0.02631578947,0,0,0,0,0,0,0,0,0,0.05263157895,0,0.02631578947,0.07894736842,0.1052631579,0.05263157895,0.1315789474,0.2631578947,0.02631578947,0,0.02631578947,0.07894736842,0,0.05263157895,0,0,0.02631578947,0.02631578947,0,0,0.02631578947,0,0,0,0,0,0,0,0,0,0,0,0.02631578947,0,0,0,0,0
小松空港,853,118,74,0.5945945946,3,1,4.142164782,3.355932203,4.1453125,3.389830508,4.55704698,4.161016949,7.914419695,338,171,0.1957796014,46,20,0.2203389831,0.008206330598,0.141852286,0.1910902696,0.2028135991,0.2567409144,0.1676436108,0.02813599062,0.003516998828,0,0,0.4642438453,0.5005861665,0.2555685815,0.368112544,0.1383352872,0.1359906213,0.101992966,0.2215709261,0.06096131301,0.09847596717,0.2379835873,0.02813599062,0.001172332943,0.09495896835,0.0633059789,0.101992966,0.01875732708,0,0.001172332943,0.1453692849,0.2344665885,0.5252051583,0.06565064478,0,0,0,0.05041031653,0,0,0,0,0,0,0.03634232122,0,0.1266119578,0.03634232122,0.03516998828,0.05744431419,0.08089097304,0.1008206331,0.1242672919,0.07620164127,0.08089097304,0.08323563892,0.07971864009,0.1207502931,0.06096131301,0.0633059789,0.07737397421,0.003516998828,0,0.002344665885,0.002344665885,0,0,0.01524032825,0.007033997655,0,0.04220398593,0.07854630715,0.2473622509,0.1582649472,0,0.04220398593,0.09144196952,0.06213364596,0.003516998828,0.002344665885,0.003516998828,0.007033997655,0.002344665885,0.002344665885,0,0.003516998828,0.007033997655,0.001172332943,0.001172332943,0,0,0.001172332943,0,0,0.002344665885,0.001172332943,0,0.003516998828,0.001172332943,0.05978898007,0.01406799531,0.008206330598,0.01055099648,0,0.002344665885,0.007033997655,0.02461899179
ふれあい昆虫館,412,24,13,0.8461538462,6,14,4.544529262,4.333333333,4.576530612,4.208333333,4.595238095,4.333333333,8.475728155,219,48,0.4150485437,11,6,0.2083333333,0.002427184466,0.07766990291,0.427184466,0.3398058252,0.1140776699,0.03155339806,0.007281553398,0,0,0,0.3786407767,0.5922330097,0.1577669903,0.1140776699,0.04854368932,0.05825242718,0.6213592233,0.03398058252,0.02669902913,0.01941747573,0.04854368932,0.002427184466,0,0.03398058252,0.002427184466,0.7427184466,0.05339805825,0,0,0.09951456311,0.1529126214,0.2597087379,0.09708737864,0,0,0,0.04611650485,0,0,0,0,0,0,0.04368932039,0,0.009708737864,0.02912621359,0.02427184466,0.05339805825,0.1019417476,0.1116504854,0.1723300971,0.1165048544,0.09223300971,0.09466019417,0.07281553398,0.07281553398,0.02427184466,0.03398058252,0.004854368932,0.002427184466,0,0.002427184466,0,0,0.007281553398,0,0,0.007281553398,0.01213592233,0.01699029126,0.03883495146,0.02427184466,0.004854368932,0.1067961165,0.5436893204,0.07524271845,0,0.01213592233,0.01941747573,0.009708737864,0.03883495146,0.002427184466,0.0145631068,0.004854368932,0.02184466019,0.01699029126,0.002427184466,0,0,0,0,0.002427184466,0,0.002427184466,0,0,0,0.002427184466,0,0,0,0,0,0,0.002427184466
いしかわ動物園,282,9,9,0,10,23,4.419354839,4.222222222,4.484962406,4.222222222,4.519230769,4.555555556,8.673758865,161,22,0.4929078014,5,0,0.5555555556,0.007092198582,0.1063829787,0.3687943262,0.2978723404,0.09574468085,0.08156028369,0.0390070922,0.003546099291,0,0,0.3936170213,0.5921985816,0.2482269504,0.1312056738,0.02482269504,0.05319148936,0.5425531915,0.06737588652,0.1028368794,0.0390070922,0.1028368794,0.003546099291,0.003546099291,0.05673758865,0.007092198582,0.5212765957,0.06028368794,0,0,0.1170212766,0.1985815603,0.2872340426,0.04255319149,0,0,0,0.01418439716,0,0,0,0,0,0,0.02836879433,0,0.01418439716,0.0390070922,0.06737588652,0.07092198582,0.1241134752,0.1524822695,0.1489361702,0.07446808511,0.08510638298,0.06382978723,0.06028368794,0.06382978723,0.02127659574,0.02836879433,0.007092198582,0,0,0.003546099291,0,0,0,0.007092198582,0,0.007092198582,0.01773049645,0.01063829787,0.04964539007,0.03191489362,0.01418439716,0.109929078,0.4219858156,0.1205673759,0,0.003546099291,0.02127659574,0.007092198582,0.04609929078,0.01063829787,0.01418439716,0.01063829787,0.04609929078,0.02482269504,0,0,0,0,0,0,0,0,0.003546099291,0.003546099291,0,0.003546099291,0,0,0,0.003546099291,0,0,0
航空プラザ,133,47,10,3.7,22,5,4.566666667,4.212765957,4.612903226,4.531914894,4.6,4.319148936,8.473684211,73,15,0.4360902256,28,4,0.5106382979,0.01503759398,0.1052631579,0.3684210526,0.3082706767,0.1353383459,0.06766917293,0,0,0,0,0.3233082707,0.6390977444,0.2631578947,0.2255639098,0.0977443609,0.07518796992,0.3383458647,0.04511278195,0.03007518797,0.05263157895,0.08270676692,0.01503759398,0.007518796992,0.09022556391,0,0.6315789474,0.01503759398,0,0,0.1879699248,0.2556390977,0.3533834586,0.03007518797,0,0,0,0.05263157895,0,0,0,0,0,0,0.04511278195,0,0.01503759398,0.03759398496,0.03759398496,0.06015037594,0.1052631579,0.09022556391,0.1654135338,0.0977443609,0.1203007519,0.03759398496,0.06015037594,0.03759398496,0.09022556391,0.06015037594,0.007518796992,0,0,0,0,0,0.007518796992,0.007518796992,0.01503759398,0.01503759398,0,0.01503759398,0.05263157895,0.07518796992,0.007518796992,0.09022556391,0.2481203008,0.1203007519,0.007518796992,0.02255639098,0.02255639098,0.007518796992,0.007518796992,0.03007518797,0.03759398496,0.03759398496,0.1127819549,0.03007518797,0,0,0.007518796992,0,0,0.007518796992,0,0,0,0,0,0,0,0,0,0,0.007518796992,0,0
日本自動車博物館,43,19,6,2.166666667,53,15,4.421052632,3.842105263,4.414634146,4.263157895,4.58974359,4.526315789,8.348837209,21,6,0.3488372093,8,4,0.2105263158,0.04651162791,0.04651162791,0.2790697674,0.2558139535,0.3488372093,0.02325581395,0,0,0,0,0.3720930233,0.6279069767,0.3023255814,0.3023255814,0.04651162791,0.06976744186,0.2790697674,0.09302325581,0.06976744186,0.02325581395,0.1162790698,0.04651162791,0,0.09302325581,0.04651162791,0.3023255814,0.02325581395,0,0,0.2325581395,0.3255813953,0.4651162791,0.02325581395,0,0,0,0.04651162791,0,0,0,0,0,0,0.1395348837,0,0.04651162791,0.06976744186,0.04651162791,0.02325581395,0.09302325581,0.09302325581,0.1162790698,0.09302325581,0.09302325581,0.1395348837,0.1395348837,0.04651162791,0,0.04651162791,0,0,0,0,0.02325581395,0,0,0.02325581395,0,0.02325581395,0.02325581395,0.09302325581,0.06976744186,0.02325581395,0,0.02325581395,0.1395348837,0.1162790698,0,0,0,0.04651162791,0.09302325581,0.04651162791,0.02325581395,0.02325581395,0.06976744186,0.06976744186,0,0,0,0,0,0.02325581395,0,0,0,0,0,0.04651162791,0,0,0,0,0,0,0
「安宅の関」こまつ勧進帳の里,75,6,2,2,34,28,4.2,4.166666667,4.292307692,4.166666667,4.380952381,4.666666667,7.72,29,19,0.1333333333,4,1,0.5,0,0.08,0.1466666667,0.2266666667,0.3733333333,0.1466666667,0.02666666667,0,0,0,0.3333333333,0.6533333333,0.3333333333,0.1733333333,0.04,0.1066666667,0.3466666667,0.1066666667,0.01333333333,0.12,0.2666666667,0,0,0.2266666667,0.02666666667,0.1066666667,0.02666666667,0,0,0.1066666667,0.3333333333,0.48,0.12,0,0,0,0.06666666667,0,0,0,0,0,0,0.12,0,0.02666666667,0.04,0.04,0.09333333333,0.1466666667,0.16,0.09333333333,0.02666666667,0.09333333333,0.06666666667,0.08,0.06666666667,0.04,0.05333333333,0,0,0,0,0,0,0.01333333333,0.01333333333,0,0,0.02666666667,0.02666666667,0.08,0.04,0.01333333333,0.01333333333,0.4266666667,0.06666666667,0,0.02666666667,0,0,0.12,0.02666666667,0.01333333333,0,0.06666666667,0.01333333333,0,0,0,0,0,0,0,0,0,0,0,0,0,0.01333333333,0,0,0,0,0
加賀伝統工芸村　ゆのくにの森,231,29,16,0.8125,12,11,4.484018265,4.620689655,4.474885845,4.586206897,4.596938776,4.689655172,8.138528139,106,38,0.2943722944,16,3,0.4482758621,0.06493506494,0.1428571429,0.2424242424,0.2727272727,0.1471861472,0.09523809524,0.0303030303,0.004329004329,0,0,0.3852813853,0.5844155844,0.4761904762,0.2467532468,0.05627705628,0.06060606061,0.1601731602,0.01731601732,0.0303030303,0.1125541126,0.1601731602,0.01731601732,0.004329004329,0.1731601732,0.004329004329,0.316017316,0.0303030303,0,0,0.3636363636,0.4805194805,0.4415584416,0.06493506494,0,0,0,0.02597402597,0,0,0,0,0,0,0.01298701299,0,0.004329004329,0.04329004329,0.04329004329,0.05194805195,0.09090909091,0.1298701299,0.08658008658,0.1341991342,0.09523809524,0.05194805195,0.07792207792,0.09523809524,0.04761904762,0.05194805195,0.008658008658,0,0,0,0,0,0,0.03463203463,0,0,0.01731601732,0.03896103896,0.09090909091,0.03463203463,0.01731601732,0.09523809524,0.1168831169,0.0303030303,0,0,0.04329004329,0.008658008658,0.1212121212,0.03896103896,0.03896103896,0.0303030303,0.08225108225,0.07359307359,0.03896103896,0.02164502165,0,0,0.004329004329,0.004329004329,0,0,0,0,0,0.008658008658,0,0,0,0,0,0,0
小松市観光交流センター Komatsu九,219,16,2,7,13,16,4.409356725,4,4.389830508,4,4.532544379,4.5625,7.97716895,85,42,0.196347032,6,2,0.25,0.004566210046,0.1141552511,0.2420091324,0.2283105023,0.2739726027,0.1141552511,0.02283105023,0,0,0,0.3789954338,0.5844748858,0.2785388128,0.2694063927,0.1232876712,0.09132420091,0.2374429224,0.3470319635,0.07762557078,0.09132420091,0.1735159817,0.009132420091,0,0.09132420091,0.04109589041,0.08675799087,0.009132420091,0,0,0.1415525114,0.2876712329,0.4063926941,0.03196347032,0,0,0,0.1095890411,0,0,0,0,0,0,0.02283105023,0,0.09132420091,0.04566210046,0.02739726027,0.07305936073,0.1369863014,0.09589041096,0.1232876712,0.08675799087,0.1095890411,0.08219178082,0.05936073059,0.07305936073,0.03196347032,0.05479452055,0.01826484018,0,0,0,0,0.004566210046,0,0.02283105023,0.009132420091,0,0.05479452055,0.01826484018,0.1461187215,0.08219178082,0.01369863014,0.01826484018,0.1187214612,0.04109589041,0.004566210046,0.009132420091,0.02739726027,0.004566210046,0.06849315068,0.02283105023,0.01826484018,0.04109589041,0.08675799087,0.07305936073,0.01369863014,0,0,0,0.01826484018,0.004566210046,0,0.004566210046,0,0.01369863014,0.004566210046,0.01369863014,0.004566210046,0,0,0,0.004566210046,0,0.01369863014
たちばな四季亭,185,3,0,,17,35,4.576687117,3,4.622754491,3,4.587412587,4.333333333,8.340540541,98,26,0.3891891892,2,0,0.6666666667,0,0.05945945946,0.2432432432,0.1243243243,0.2324324324,0.2702702703,0.07027027027,0,0,0,0.3621621622,0.6054054054,0.6918918919,0.1891891892,0.09189189189,0.02702702703,0,0.005405405405,0.07027027027,0.06486486486,0.4054054054,0,0.005405405405,0.1891891892,0.01621621622,0.0972972973,0.01621621622,0,0,0.7783783784,0.8054054054,0.7081081081,0.07567567568,0,0,0,0,0,0,0,0,0,0,0.005405405405,0,0.02162162162,0.03243243243,0.05945945946,0.06486486486,0.07567567568,0.0972972973,0.1243243243,0.03783783784,0.09189189189,0.05405405405,0.04864864865,0.1297297297,0.04324324324,0.1405405405,0.01621621622,0,0,0,0,0,0,0.01621621622,0,0,0.05945945946,0,0.07567567568,0.04324324324,0.005405405405,0.1027027027,0.1459459459,0.06486486486,0,0.005405405405,0.03243243243,0.02162162162,0.09189189189,0,0.03243243243,0.05945945946,0.1189189189,0.07567567568,0.01081081081,0.005405405405,0,0,0,0.005405405405,0,0,0.005405405405,0,0,0,0,0,0,0,0,0.005405405405,0
湖畔の宿　森本,62,1,3,-0.6666666667,39,48,4.589285714,4,4.589285714,4,4.583333333,4,8.451612903,34,8,0.4193548387,0,0,0,0,0.1290322581,0.3870967742,0.1451612903,0.1612903226,0.1774193548,0,0,0,0,0.3870967742,0.564516129,0.7419354839,0.1451612903,0.09677419355,0.01612903226,0,0.01612903226,0.1451612903,0.09677419355,0.4032258065,0,0,0.1451612903,0.01612903226,0.1129032258,0,0,0,0.6451612903,0.8548387097,0.7258064516,0.1290322581,0,0,0,0,0,0,0,0,0,0,0.04838709677,0,0.03225806452,0.04838709677,0.03225806452,0.01612903226,0.1451612903,0.1129032258,0.1129032258,0.08064516129,0.1129032258,0.04838709677,0.03225806452,0.1129032258,0.09677419355,0.04838709677,0,0.01612903226,0,0.01612903226,0,0,0,0.01612903226,0,0.01612903226,0.01612903226,0.01612903226,0.09677419355,0.1290322581,0.01612903226,0.04838709677,0.1290322581,0.03225806452,0,0.01612903226,0,0,0.04838709677,0,0.03225806452,0.04838709677,0.2419354839,0.01612903226,0.03225806452,0,0,0,0,0,0,0.01612903226,0,0,0,0,0,0,0,0,0,0,0
ゆのくに天祥,51,27,0,,47,13,4.425531915,3.888888889,4.489361702,4,4.574468085,4.333333333,8.549019608,25,4,0.4117647059,11,4,0.2592592593,0.03921568627,0.1960784314,0.2745098039,0.2745098039,0.1568627451,0.03921568627,0.01960784314,0,0,0,0.4509803922,0.5490196078,0.568627451,0.2941176471,0.05882352941,0.05882352941,0.01960784314,0.01960784314,0.01960784314,0.05882352941,0.1960784314,0.01960784314,0,0.1568627451,0,0.3921568627,0.03921568627,0,0,0.6666666667,0.862745098,0.5098039216,0.05882352941,0,0,0,0.01960784314,0,0,0,0,0,0,0.01960784314,0,0,0.01960784314,0.01960784314,0.07843137255,0.03921568627,0.1176470588,0.09803921569,0.07843137255,0.1960784314,0.09803921569,0.07843137255,0.1176470588,0.03921568627,0.01960784314,0.03921568627,0,0,0,0,0,0,0,0,0,0.01960784314,0,0.2549019608,0.03921568627,0.01960784314,0.05882352941,0.05882352941,0.01960784314,0,0.01960784314,0.03921568627,0,0.09803921569,0.01960784314,0.03921568627,0.03921568627,0.09803921569,0.03921568627,0.01960784314,0.05882352941,0,0,0,0,0,0,0,0,0,0,0,0.01960784314,0,0,0,0,0
変なホテル　小松駅前,53,3,2,0.5,44,36,4.444444444,5,4.590909091,5,4.384615385,5,8.528301887,28,4,0.4528301887,3,0,1,0,0.09433962264,0.1886792453,0.3396226415,0.2452830189,0.09433962264,0.01886792453,0.01886792453,0,0,0.7169811321,0.2075471698,0.5660377358,0.2075471698,0.05660377358,0.1698113208,0,0.3773584906,0.05660377358,0.05660377358,0.07547169811,0.01886792453,0,0.03773584906,0.1886792453,0.07547169811,0.01886792453,0,0,0.09433962264,0.01886792453,0.1886792453,0.01886792453,0,0,0,0.07547169811,0,0,0,0,0,0,0,0,0.4528301887,0.01886792453,0.01886792453,0.03773584906,0.03773584906,0.09433962264,0.1886792453,0.09433962264,0.03773584906,0.1132075472,0.05660377358,0.1886792453,0.07547169811,0.03773584906,0,0,0.01886792453,0,0,0,0,0.01886792453,0.05660377358,0,0.03773584906,0.05660377358,0.09433962264,0.09433962264,0,0.05660377358,0.05660377358,0.05660377358,0,0,0,0.01886792453,0.05660377358,0,0,0.1320754717,0.07547169811,0.07547169811,0,0,0,0.01886792453,0,0.01886792453,0.01886792453,0,0,0,0,0.01886792453,0,0,0,0.01886792453,0,0,0
温泉めい想倶楽部　富士屋旅館,81,0,0,,32,60,4.372881356,,4.271186441,,4.517241379,,7.320987654,24,26,-0.02469135802,0,0,,0.01234567901,0.1851851852,0.2716049383,0.1358024691,0.2222222222,0.1234567901,0.02469135802,0.02469135802,0,0,0.4197530864,0.5802469136,0.6419753086,0.2716049383,0.06172839506,0.02469135802,0,0.02469135802,0.1728395062,0.0987654321,0.3209876543,0.04938271605,0,0.1234567901,0,0.1358024691,0.02469135802,0,0,0.5679012346,0.8395061728,0.7037037037,0.07407407407,0,0,0,0,0,0,0,0,0,0,0.01234567901,0,0,0.02469135802,0.02469135802,0.04938271605,0.0987654321,0.1728395062,0.1728395062,0.0987654321,0.04938271605,0.06172839506,0.1111111111,0.07407407407,0.02469135802,0.03703703704,0,0,0,0,0,0,0,0,0,0.01234567901,0.04938271605,0.06172839506,0.0987654321,0.03703703704,0,0.03703703704,0.1728395062,0.03703703704,0.01234567901,0.02469135802,0.06172839506,0.01234567901,0.08641975309,0.03703703704,0.01234567901,0.02469135802,0.1111111111,0.07407407407,0,0,0,0.01234567901,0.01234567901,0,0,0,0.01234567901,0,0,0,0,0,0,0,0,0,0
白峰温泉総湯,33,2,0,,64,39,4.677419355,4.5,4.677419355,5,4.586206897,5,9.090909091,23,1,0.6666666667,2,0,1,0,0.1212121212,0.1515151515,0.1515151515,0.3939393939,0.1515151515,0.0303030303,0,0,0,0.3939393939,0.5757575758,0.2727272727,0.1212121212,0.0303030303,0.0303030303,0.5454545455,0.1515151515,0.06060606061,0.2424242424,0.303030303,0.0303030303,0,0.1212121212,0,0.06060606061,0,0,0,0.1212121212,0.8181818182,0.4242424242,0.0303030303,0,0,0,0.0303030303,0,0,0,0,0,0,0.0303030303,0,0.0303030303,0.06060606061,0.0303030303,0.09090909091,0.1515151515,0.1212121212,0.1212121212,0.1212121212,0.09090909091,0.09090909091,0,0.0303030303,0.06060606061,0.0303030303,0.0303030303,0,0,0,0,0,0,0.0303030303,0,0.0303030303,0,0,0.0303030303,0.0303030303,0,0,0.2121212121,0.2727272727,0,0.0303030303,0.0303030303,0,0.09090909091,0,0.0303030303,0,0.1212121212,0.06060606061,0,0,0,0,0,0,0,0,0,0,0,0,0,0,0,0,0,0,0
道の駅めぐみ白山,37,5,5,0,58,29,4.363636364,4.6,4.545454545,4,4.4375,4.8,8.027027027,20,8,0.3243243243,3,1,0.4,0,0.1621621622,0.08108108108,0.3513513514,0.1891891892,0.1891891892,0.02702702703,0,0,0,0.2702702703,0.6486486486,0.2702702703,0.2432432432,0.08108108108,0.2162162162,0.1891891892,0.2432432432,0.08108108108,0.02702702703,0.3513513514,0,0,0.05405405405,0,0.1621621622,0.05405405405,0,0,0.08108108108,0.2162162162,0.4054054054,0.02702702703,0,0,0,0.2432432432,0,0,0,0,0,0,0.1621621622,0,0.08108108108,0.05405405405,0.02702702703,0.1621621622,0.1351351351,0.1081081081,0.02702702703,0.1621621622,0.08108108108,0.05405405405,0.08108108108,0.08108108108,0,0.02702702703,0.05405405405,0,0,0,0,0,0,0,0,0,0,0.02702702703,0.1351351351,0.02702702703,0,0.08108108108,0.08108108108,0.05405405405,0,0,0.05405405405,0.02702702703,0.1081081081,0.02702702703,0,0,0.08108108108,0.08108108108,0,0,0.02702702703,0,0.05405405405,0.05405405405,0,0,0,0,0,0.02702702703,0,0,0,0,0,0,0
よしのや依緑園,56,0,0,,43,61,4.450980392,,4.490566038,,4.547169811,,8.089285714,30,9,0.375,0,0,,0,0.07142857143,0.1071428571,0.2678571429,0.1428571429,0.2678571429,0.1428571429,0,0,0,0.375,0.5714285714,0.7857142857,0.1428571429,0.05357142857,0.01785714286,0,0.1428571429,0,0.07142857143,0.3571428571,0.01785714286,0.01785714286,0.125,0.01785714286,0.125,0.08928571429,0,0,0.6785714286,0.8035714286,0.5,0.01785714286,0,0,0,0,0,0,0,0,0,0,0,0,0,0,0.1071428571,0.08928571429,0.125,0.07142857143,0.07142857143,0.08928571429,0.125,0.125,0.05357142857,0.05357142857,0.03571428571,0.05357142857,0.01785714286,0,0,0,0,0,0.01785714286,0,0,0,0.01785714286,0,0.03571428571,0.01785714286,0,0.03571428571,0.1071428571,0.07142857143,0,0,0.07142857143,0.01785714286,0.07142857143,0.01785714286,0.05357142857,0.03571428571,0.25,0.07142857143,0.03571428571,0.01785714286,0,0,0,0,0,0,0,0.01785714286,0,0.01785714286,0,0,0,0,0,0,0
月うさぎの里,36,1,2,-0.5,59,49,4.352941176,4,4.466666667,4,4.457142857,5,7.666666667,14,10,0.1111111111,0,1,-1,0.02777777778,0.1111111111,0.4166666667,0.1666666667,0.1666666667,0.1111111111,0,0,0,0,0.2777777778,0.6944444444,0.5555555556,0.1111111111,0.1388888889,0.05555555556,0.1388888889,0.05555555556,0.08333333333,0,0.25,0.02777777778,0,0.05555555556,0,0.3888888889,0.08333333333,0,0,0.4444444444,0.5277777778,0.4444444444,0.08333333333,0,0,0,0.02777777778,0,0,0,0,0,0,0.08333333333,0,0.02777777778,0,0.02777777778,0.02777777778,0.1388888889,0.2222222222,0.1944444444,0.08333333333,0.05555555556,0.02777777778,0.1111111111,0.05555555556,0,0.05555555556,0,0,0,0,0,0,0,0,0,0,0,0,0.1111111111,0.02777777778,0,0.02777777778,0.1111111111,0.05555555556,0,0,0.1388888889,0,0.1111111111,0.08333333333,0,0.02777777778,0.1666666667,0.05555555556,0.05555555556,0,0,0,0,0,0,0.02777777778,0,0,0,0,0,0,0,0,0,0,0
山代温泉　総湯,53,1,0,,45,50,4.5625,0,4.574468085,0,4.538461538,4,8.377358491,24,5,0.358490566,0,0,0,0.01886792453,0.1320754717,0.2264150943,0.1509433962,0.2830188679,0.1132075472,0.07547169811,0,0,0,0.3773584906,0.5849056604,0.4716981132,0.3018867925,0.05660377358,0.09433962264,0.07547169811,0.1698113208,0.1320754717,0.01886792453,0.2264150943,0.01886792453,0,0.1132075472,0.01886792453,0.1509433962,0,0,0,0.4905660377,0.8301886792,0.679245283,0.03773584906,0,0,0,0.01886792453,0,0,0,0,0,0,0.01886792453,0,0.03773584906,0,0.03773584906,0.1509433962,0.1132075472,0.07547169811,0.09433962264,0.05660377358,0.09433962264,0.07547169811,0.09433962264,0.09433962264,0.05660377358,0.05660377358,0,0,0,0.01886792453,0,0,0,0.01886792453,0,0,0.07547169811,0.09433962264,0.1132075472,0.1132075472,0.03773584906,0.01886792453,0.01886792453,0.03773584906,0,0,0.09433962264,0.01886792453,0.1320754717,0,0.03773584906,0.01886792453,0.05660377358,0.03773584906,0,0,0.01886792453,0.01886792453,0,0,0,0,0,0,0,0.01886792453,0,0,0,0,0,0,0
ポイントバケーション加賀山中,188,14,11,0.2727272727,16,19,4.385542169,3.285714286,4.408284024,3.785714286,4.392265193,3.857142857,8.026595745,83,29,0.2872340426,4,3,0.07142857143,0,0.02127659574,0.05319148936,0.04787234043,0.2021276596,0.5212765957,0.1542553191,0,0,0,0.4946808511,0.4361702128,0.2606382979,0.4521276596,0.1861702128,0.1010638298,0,0.02659574468,0.005319148936,0.05319148936,0.6063829787,0,0.01063829787,0.08510638298,0.005319148936,0.09574468085,0.02127659574,0,0,0.5106382979,0.7712765957,0.5691489362,0.1170212766,0,0,0,0.02127659574,0,0,0,0,0,0,0.0585106383,0,0.005319148936,0.04787234043,0.03191489362,0.06914893617,0.06382978723,0.2021276596,0.1223404255,0.09042553191,0.08510638298,0.05319148936,0.06382978723,0.1223404255,0.01595744681,0.03191489362,0,0,0,0,0,0,0,0.005319148936,0,0.005319148936,0.02659574468,0.03723404255,0.0585106383,0.05319148936,0,0.01063829787,0.02127659574,0.01595744681,0.005319148936,0.01595744681,0.02659574468,0.01063829787,0.1117021277,0.03723404255,0.07446808511,0.08510638298,0.2180851064,0.09574468085,0.03723404255,0.005319148936,0,0,0.01063829787,0.02127659574,0,0,0,0.005319148936,0,0,0,0,0.005319148936,0,0,0,0
湯快リゾート 縁起の宿 矢田屋松濤園,33,0,0,,65,62,4.606060606,,4.5625,,4.575757576,,9.03030303,21,0,0.6363636364,0,0,,0,0.09090909091,0.1515151515,0.1818181818,0.3636363636,0.2121212121,0,0,0,0,0.4242424242,0.5757575758,0.6666666667,0.303030303,0.0303030303,0,0,0.0303030303,0,0,0.3939393939,0,0,0.3333333333,0,0.06060606061,0,0,0,0.7575757576,0.7272727273,0.6363636364,0.09090909091,0,0,0,0.06060606061,0,0,0,0,0,0,0,0,0,0,0,0,0.1515151515,0.0303030303,0.09090909091,0.2424242424,0.1212121212,0.1212121212,0.0303030303,0.1515151515,0.0303030303,0.0303030303,0,0,0,0.0303030303,0,0,0,0,0,0,0,0,0.06060606061,0.0303030303,0.0303030303,0.09090909091,0.0303030303,0.0303030303,0,0,0,0,0.2424242424,0,0,0,0.303030303,0.09090909091,0.0303030303,0.0303030303,0,0,0,0,0,0,0,0,0,0,0,0,0,0,0,0,0
法師旅館,154,31,1,30,18,9,4.422222222,3.935483871,4.422222222,3.967741935,4.456375839,4.451612903,8.136363636,76,24,0.3376623377,15,6,0.2903225806,0.006493506494,0.1558441558,0.1688311688,0.1558441558,0.2012987013,0.2532467532,0.05844155844,0,0,0,0.3441558442,0.6298701299,0.5909090909,0.1948051948,0.1038961039,0.0974025974,0.01298701299,0.01948051948,0.09090909091,0.07142857143,0.4025974026,0.01298701299,0.01298701299,0.1558441558,0.01298701299,0.1038961039,0.006493506494,0,0,0.6428571429,0.8246753247,0.5324675325,0.07792207792,0,0,0,0.01298701299,0,0,0,0,0,0,0.03896103896,0,0.006493506494,0.02597402597,0.05844155844,0.1103896104,0.09090909091,0.1233766234,0.1168831169,0.07792207792,0.1233766234,0.04545454545,0.02597402597,0.08441558442,0.03896103896,0.07792207792,0.006493506494,0,0,0.006493506494,0,0,0.006493506494,0.006493506494,0,0.01298701299,0.01298701299,0.006493506494,0.1363636364,0.06493506494,0.01298701299,0.1038961039,0.08441558442,0.04545454545,0,0,0.02597402597,0.01948051948,0.1233766234,0.006493506494,0.006493506494,0.03896103896,0.1233766234,0.08441558442,0.01948051948,0,0.006493506494,0,0.01298701299,0,0.006493506494,0,0.006493506494,0,0.006493506494,0,0,0,0,0,0,0,0.006493506494
スーパーホテル石川・能美根上スマートインター,34,0,0,,62,63,4.7,,4.625,,4.515151515,,8.235294118,18,6,0.3529411765,0,0,,0.02941176471,0.02941176471,0.1764705882,0.1176470588,0.4705882353,0.1176470588,0,0.05882352941,0,0,0.4411764706,0.5588235294,0.4705882353,0.2941176471,0.08823529412,0.1470588235,0,0.2058823529,0.08823529412,0,0.2647058824,0,0,0.1176470588,0.08823529412,0.08823529412,0,0,0,0.1470588235,0.1764705882,0.2352941176,0,0,0,0,0.02941176471,0,0,0,0,0,0,0.08823529412,0,0.3235294118,0,0.08823529412,0.02941176471,0.02941176471,0.2352941176,0.1470588235,0.1470588235,0.02941176471,0.1176470588,0.02941176471,0.05882352941,0.02941176471,0.05882352941,0,0,0,0,0,0,0,0,0.05882352941,0,0.02941176471,0.05882352941,0,0.05882352941,0,0,0.08823529412,0,0,0.02941176471,0.02941176471,0.05882352941,0.1764705882,0,0.08823529412,0.05882352941,0.1470588235,0.08823529412,0,0,0,0,0,0,0,0.02941176471,0,0,0,0,0,0,0,0,0,0,0
お花見久兵衛,35,0,0,,60,64,4.4375,,4.5,,4.470588235,,8.028571429,19,7,0.3428571429,0,0,,0,0.1142857143,0.2571428571,0.1714285714,0.1714285714,0.2,0.08571428571,0,0,0,0.3428571429,0.6571428571,0.6,0.2,0.1428571429,0,0.05714285714,0.02857142857,0.08571428571,0.1142857143,0.2,0,0,0.2,0,0.3142857143,0.02857142857,0,0,0.7142857143,0.8285714286,0.5714285714,0.1714285714,0,0,0,0,0,0,0,0,0,0,0,0,0,0,0.02857142857,0.05714285714,0.1428571429,0.1142857143,0.2,0.08571428571,0.02857142857,0.1142857143,0.02857142857,0.1428571429,0.02857142857,0.02857142857,0,0,0,0.02857142857,0,0,0,0,0,0,0,0.05714285714,0.05714285714,0.02857142857,0,0.2571428571,0.05714285714,0.1142857143,0,0,0.02857142857,0.02857142857,0.1142857143,0,0.08571428571,0.02857142857,0.05714285714,0.02857142857,0,0,0,0.02857142857,0,0,0,0,0,0,0,0,0,0,0,0,0,0,0
トレインパーク白山,150,114,36,2.166666667,19,2,4.492647059,4.043859649,4.450704225,4.219298246,4.531468531,4.271929825,8.1,64,19,0.3,47,15,0.2807017544,0.02666666667,0.09333333333,0.4,0.28,0.1133333333,0.07333333333,0.01333333333,0,0,0,0.48,0.5066666667,0.1733333333,0.18,0.1066666667,0.1933333333,0.3466666667,0.06,0.04,0.02,0.06,0,0,0.06666666667,0.01333333333,0.6866666667,0,0,0,0.09333333333,0.1266666667,0.34,0.02666666667,0,0,0,0.06,0,0,0,0,0,0,0.04666666667,0,0.02666666667,0.02,0.02666666667,0.04666666667,0.08666666667,0.1066666667,0.1533333333,0.1466666667,0.09333333333,0.09333333333,0.07333333333,0.06,0.02,0.07333333333,0.006666666667,0,0,0.01333333333,0,0,0,0,0.01333333333,0,0.04666666667,0.03333333333,0.1466666667,0.06666666667,0.006666666667,0.1133333333,0.1933333333,0.08,0,0,0.02,0.006666666667,0.07333333333,0,0.01333333333,0.01333333333,0.06666666667,0.05333333333,0.01333333333,0,0,0.01333333333,0,0,0,0,0,0,0,0,0.006666666667,0,0,0,0,0,0
のと里山空港,62,8,12,-0.3333333333,40,25,4.18,3.5,4.24,3.75,4.666666667,4.375,8.344262295,30,9,0.3387096774,3,1,0.25,0,0.1935483871,0.2096774194,0.2419354839,0.2258064516,0.1129032258,0.01612903226,0,0,0,0.435483871,0.5161290323,0.2096774194,0.3225806452,0.1129032258,0.2580645161,0.09677419355,0.2096774194,0.06451612903,0.2096774194,0.2419354839,0.04838709677,0,0.04838709677,0.03225806452,0.08064516129,0.01612903226,0,0,0.1451612903,0.2419354839,0.564516129,0.06451612903,0,0,0,0.1451612903,0,0,0,0,0,0,0.01612903226,0,0.09677419355,0.04838709677,0.01612903226,0.1129032258,0.06451612903,0.08064516129,0.1290322581,0.09677419355,0.03225806452,0.04838709677,0.08064516129,0.1774193548,0.06451612903,0.04838709677,0,0,0,0,0,0,0.01612903226,0.01612903226,0,0,0.09677419355,0.03225806452,0.4838709677,0.1451612903,0,0.01612903226,0.06451612903,0.01612903226,0,0.01612903226,0.01612903226,0.01612903226,0,0,0,0,0.04838709677,0,0,0,0,0.01612903226,0,0,0,0,0,0,0,0,0,0,0,0,0,0,0
能登食祭市場,106,3,2,0.5,25,37,4.494949495,4,4.5,4,4.333333333,4,8.283018868,61,20,0.3867924528,1,1,0,0.01886792453,0.2452830189,0.2075471698,0.07547169811,0.1886792453,0.2169811321,0.04716981132,0,0,0,0.4056603774,0.5849056604,0.2547169811,0.3301886792,0.06603773585,0.02830188679,0.320754717,0.05660377358,0.1603773585,0.1981132075,0.3018867925,0.02830188679,0,0.1132075472,0.009433962264,0.05660377358,0.03773584906,0,0,0.1981132075,0.3867924528,0.641509434,0.06603773585,0,0,0,0.06603773585,0,0,0,0,0,0,0.07547169811,0,0.01886792453,0.09433962264,0.04716981132,0.1226415094,0.1320754717,0.09433962264,0.08490566038,0.04716981132,0.09433962264,0.07547169811,0.06603773585,0.06603773585,0.03773584906,0.03773584906,0,0,0,0,0,0,0,0,0,0.009433962264,0.03773584906,0.04716981132,0.1698113208,0.08490566038,0.009433962264,0.1509433962,0.141509434,0.03773584906,0,0.01886792453,0.009433962264,0,0.05660377358,0.009433962264,0.009433962264,0.01886792453,0.1320754717,0.009433962264,0.009433962264,0,0.02830188679,0,0,0,0,0,0,0,0,0.009433962264,0,0,0,0,0,0,0
加賀屋,44,0,0,,52,65,4.568181818,,4.477272727,,,,9.045454545,28,0,0.6363636364,0,0,,0,0.09090909091,0.1590909091,0.3181818182,0.1818181818,0.1818181818,0.06818181818,0,0,0,0.3863636364,0.5909090909,0.5,0.3409090909,0.06818181818,0.09090909091,0,0.02272727273,0.1363636364,0.1363636364,0.25,0.02272727273,0.02272727273,0.1818181818,0,0.1136363636,0.02272727273,0,0,0.6363636364,0.7954545455,0.7272727273,0.09090909091,0,0,0,0.02272727273,0,0,0,0,0,0,0.06818181818,0,0.02272727273,0,0.02272727273,0.06818181818,0.1590909091,0.1363636364,0.09090909091,0.1136363636,0.1136363636,0.06818181818,0.04545454545,0.1136363636,0.02272727273,0.04545454545,0,0,0,0.02272727273,0,0,0,0,0.04545454545,0,0.04545454545,0.02272727273,0.1363636364,0.04545454545,0.02272727273,0.04545454545,0.1136363636,0.04545454545,0,0.1136363636,0.06818181818,0,0.06818181818,0,0,0.02272727273,0.06818181818,0,0,0,0,0,0.04545454545,0,0.02272727273,0,0,0.02272727273,0,0.02272727273,0,0,0,0,0,0,0
千里浜レストハウス,106,49,7,6,26,3,4.387755102,4.387755102,4.412371134,4.408163265,4.602272727,4.530612245,8.405660377,55,16,0.3679245283,30,7,0.4693877551,0.04716981132,0.1226415094,0.1509433962,0.1603773585,0.3113207547,0.1698113208,0.03773584906,0,0,0,0.4056603774,0.5849056604,0.2830188679,0.3396226415,0.1132075472,0.1226415094,0.141509434,0.1226415094,0.1037735849,0.1226415094,0.2452830189,0.03773584906,0,0.1132075472,0,0.1037735849,0,0,0,0.1509433962,0.3301886792,0.5188679245,0.05660377358,0,0,0,0.09433962264,0,0,0,0,0,0,0.179245283,0,0,0.06603773585,0.05660377358,0.04716981132,0.141509434,0.08490566038,0.08490566038,0.1603773585,0.09433962264,0.05660377358,0.06603773585,0.03773584906,0.01886792453,0.08490566038,0.009433962264,0,0,0,0,0.009433962264,0.009433962264,0.04716981132,0.01886792453,0.01886792453,0.06603773585,0.03773584906,0.141509434,0.09433962264,0,0.04716981132,0.09433962264,0.009433962264,0,0.04716981132,0.009433962264,0,0.05660377358,0.009433962264,0.04716981132,0.03773584906,0.08490566038,0.05660377358,0.01886792453,0,0.009433962264,0,0.009433962264,0,0.009433962264,0,0,0,0,0,0,0,0,0,0,0,0
道の駅のと千里浜,57,2,1,1,42,40,4.574074074,4,4.545454545,4,4.702702703,4,8.649122807,33,4,0.5087719298,1,0,0.5,0.01754385965,0.1403508772,0.2280701754,0.2280701754,0.2105263158,0.1228070175,0.05263157895,0,0,0,0.3859649123,0.5789473684,0.2631578947,0.2280701754,0.05263157895,0.1403508772,0.3157894737,0.0701754386,0.08771929825,0.0701754386,0.350877193,0,0.0350877193,0.1929824561,0.08771929825,0.0701754386,0,0,0,0.1754385965,0.3684210526,0.6140350877,0.1578947368,0,0,0,0.05263157895,0,0,0,0,0,0,0.2105263158,0,0.08771929825,0.0701754386,0.0701754386,0.1052631579,0.1052631579,0.1403508772,0.1403508772,0.1403508772,0.0350877193,0.0350877193,0.01754385965,0.01754385965,0.1052631579,0.01754385965,0.01754385965,0,0,0,0.0350877193,0,0,0.01754385965,0,0.01754385965,0.01754385965,0.01754385965,0.1052631579,0.08771929825,0.01754385965,0.1052631579,0.2631578947,0.01754385965,0,0,0,0,0.1052631579,0.01754385965,0,0.01754385965,0.05263157895,0.0350877193,0.01754385965,0,0,0,0,0,0,0,0,0,0,0.01754385965,0,0,0,0.01754385965,0,0,0
のとじま水族館,376,5,1,4,7,30,4.505747126,4.6,4.522346369,4.6,4.636363636,4.4,8.611702128,215,37,0.4734042553,2,0,0.4,0.007978723404,0.1755319149,0.3058510638,0.2260638298,0.2021276596,0.07446808511,0.007978723404,0,0,0,0.4734042553,0.5212765957,0.3537234043,0.2446808511,0.08776595745,0.0664893617,0.2473404255,0.06914893617,0.1569148936,0.09840425532,0.1835106383,0.01063829787,0,0.06382978723,0.01861702128,0.3085106383,0.04521276596,0,0,0.2792553191,0.4787234043,0.5345744681,0.0664893617,0,0,0,0.01595744681,0,0,0,0,0,0,0.07712765957,0,0.01063829787,0.01861702128,0.02925531915,0.08776595745,0.1063829787,0.1382978723,0.1462765957,0.09308510638,0.09308510638,0.0664893617,0.06914893617,0.09574468085,0.03457446809,0.02127659574,0.007978723404,0,0,0.01063829787,0,0,0.01063829787,0.007978723404,0,0.007978723404,0.04787234043,0.03457446809,0.09308510638,0.03191489362,0.03723404255,0.1303191489,0.1994680851,0.02393617021,0.005319148936,0.05053191489,0.02659574468,0.007978723404,0.07446808511,0.01063829787,0.02127659574,0.03457446809,0.03191489362,0.02659574468,0.01595744681,0.007978723404,0.005319148936,0,0.005319148936,0.002659574468,0,0.002659574468,0.007978723404,0,0,0.01329787234,0,0,0.002659574468,0,0.002659574468,0,0
ランプの宿,48,0,0,,48,66,4.659090909,,4.622222222,,,,9.1875,35,2,0.6875,0,0,,0,0.125,0.125,0.04166666667,0.2708333333,0.3333333333,0.08333333333,0.02083333333,0,0,0.4166666667,0.5833333333,0.3125,0.4583333333,0.08333333333,0.1458333333,0,0.0625,0.1666666667,0.1041666667,0.4791666667,0.0625,0,0.0625,0,0,0,0,0,0.6458333333,0.7916666667,0.6875,0.0625,0,0,0,0.02083333333,0,0,0,0,0,0,0.02083333333,0,0,0.04166666667,0.04166666667,0.1458333333,0.0625,0.08333333333,0.04166666667,0.1041666667,0.125,0.02083333333,0.125,0.1041666667,0.04166666667,0.0625,0,0,0.02083333333,0,0,0,0.0625,0,0.0625,0.02083333333,0.02083333333,0.0625,0.1458333333,0.1666666667,0,0.04166666667,0.02083333333,0,0.02083333333,0.02083333333,0.04166666667,0,0.04166666667,0,0,0.02083333333,0.0625,0.02083333333,0,0.02083333333,0,0,0,0.0625,0.02083333333,0,0,0.02083333333,0,0,0,0,0,0,0.02083333333,0,0
休暇村能登千里浜,35,0,0,,61,67,4.4375,,4.393939394,,4.37037037,,7.857142857,11,7,0.1142857143,0,0,,0,0.02857142857,0.1428571429,0.1714285714,0.1714285714,0.3428571429,0.1428571429,0,0,0,0.4571428571,0.5142857143,0.5428571429,0.2285714286,0.1428571429,0.08571428571,0,0.08571428571,0.02857142857,0.05714285714,0.3714285714,0.02857142857,0,0.1428571429,0.02857142857,0.05714285714,0.05714285714,0,0,0.5714285714,0.5428571429,0.5142857143,0.02857142857,0,0,0,0,0,0,0,0,0,0,0.02857142857,0,0.08571428571,0.02857142857,0,0.05714285714,0.2571428571,0.1714285714,0.05714285714,0.08571428571,0.08571428571,0.1142857143,0.05714285714,0.08571428571,0,0,0,0.02857142857,0,0,0,0,0,0.05714285714,0.05714285714,0,0.08571428571,0.02857142857,0.1428571429,0,0.05714285714,0.05714285714,0.1714285714,0.02857142857,0,0,0.02857142857,0.02857142857,0.05714285714,0,0.02857142857,0,0.05714285714,0.05714285714,0,0,0,0,0,0,0,0,0,0,0,0.02857142857,0,0,0,0,0,0,0
コスモアイル羽咋,47,44,0,,51,6,4.577777778,4.363636364,4.6,4.409090909,4.6,4.386363636,8.659574468,28,5,0.4893617021,27,4,0.5227272727,0.04255319149,0.1489361702,0.1063829787,0.2765957447,0.3829787234,0.04255319149,0,0,0,0,0.5531914894,0.4255319149,0.3617021277,0.2765957447,0.08510638298,0.1063829787,0.170212766,0.1276595745,0.02127659574,0.06382978723,0.2127659574,0.04255319149,0,0.1063829787,0.02127659574,0.2553191489,0,0,0,0.1489361702,0.1063829787,0.2127659574,0.02127659574,0,0,0,0.06382978723,0,0,0,0,0,0,0.08510638298,0,0,0.08510638298,0,0.04255319149,0.08510638298,0.04255319149,0.1063829787,0.04255319149,0.2340425532,0.04255319149,0.04255319149,0.1489361702,0.04255319149,0.08510638298,0.02127659574,0,0,0,0,0,0,0,0,0.06382978723,0.06382978723,0.06382978723,0.1063829787,0.04255319149,0.02127659574,0.06382978723,0.1276595745,0.1063829787,0,0,0.06382978723,0.04255319149,0.06382978723,0,0.02127659574,0,0.04255319149,0.08510638298,0,0,0,0,0,0,0,0,0,0,0,0,0,0,0,0,0,0,0